municipio,sigla_uf,ano,area_km2
Abaetetuba,PA,2020,1.238
Abaetetuba,PA,2021,1.777
Abaetetuba,PA,2022,0.407
Abaetetuba,PA,2023,0.314
Abaetetuba,PA,2024,0.603
Abel Figueiredo,PA,2020,1.246
Abel Figueiredo,PA,2021,1.952
Abel Figueiredo,PA,2022,2.785
Abel Figueiredo,PA,2023,1.631
Abel Figueiredo,PA,2024,0.175
Abreulândia,TO,2020,0.171
Abreulândia,TO,2022,0.069
Acará,PA,2020,15.668
Acará,PA,2021,10.224
Acará,PA,2022,5.711
Acará,PA,2023,8.365
Acará,PA,2024,12.612
Acrelândia,AC,2020,12.94
Acrelândia,AC,2021,38.13
Acrelândia,AC,2022,18.451
Acrelândia,AC,2023,12.054
Acrelândia,AC,2024,9.948
Afuá,PA,2022,0.165
Afuá,PA,2023,0.272
Afuá,PA,2024,0.603
Aguiarnópolis,TO,2021,0.611
Aguiarnópolis,TO,2022,0.817
Aguiarnópolis,TO,2024,0.855
Alcântara,MA,2021,0.158
Alenquer,PA,2020,32.802
Alenquer,PA,2021,31.644
Alenquer,PA,2022,28.729
Alenquer,PA,2023,22.411
Alenquer,PA,2024,34.819
Almeirim,PA,2020,24.893
Almeirim,PA,2021,31.744
Almeirim,PA,2022,18.713
Almeirim,PA,2023,23.048
Almeirim,PA,2024,44.077
Alta Floresta,MT,2020,16.98
Alta Floresta,MT,2021,14.535
Alta Floresta,MT,2022,16.334
Alta Floresta,MT,2023,12.545
Alta Floresta,MT,2024,7.545
Alta Floresta D'Oeste,RO,2020,25.2
Alta Floresta D'Oeste,RO,2021,25.094
Alta Floresta D'Oeste,RO,2022,24.151
Alta Floresta D'Oeste,RO,2023,14.734
Alta Floresta D'Oeste,RO,2024,6.981
Altamira,PA,2020,802.301
Altamira,PA,2021,765.45
Altamira,PA,2022,630.106
Altamira,PA,2023,319.798
Altamira,PA,2024,167.733
Alto Alegre,RR,2020,35.857
Alto Alegre,RR,2021,12.127
Alto Alegre,RR,2022,24.033
Alto Alegre,RR,2023,12.287
Alto Alegre,RR,2024,25.269
Alto Alegre do Maranhão,MA,2020,0.072
Alto Alegre do Maranhão,MA,2021,0.07
Alto Alegre do Maranhão,MA,2022,0.063
Alto Alegre do Maranhão,MA,2023,0.114
Alto Alegre do Maranhão,MA,2024,0.379
Alto Alegre do Pindaré,MA,2020,0.414
Alto Alegre do Pindaré,MA,2022,0.364
Alto Alegre do Pindaré,MA,2023,0.078
Alto Alegre do Pindaré,MA,2024,0.279
Alto Alegre dos Parecis,RO,2020,12.831
Alto Alegre dos Parecis,RO,2021,12.33
Alto Alegre dos Parecis,RO,2022,6.183
Alto Alegre dos Parecis,RO,2023,4.924
Alto Alegre dos Parecis,RO,2024,1.905
Alto Boa Vista,MT,2020,1.452
Alto Boa Vista,MT,2021,15.595
Alto Boa Vista,MT,2022,4.859
Alto Boa Vista,MT,2023,0.698
Alto Boa Vista,MT,2024,9.797
Alto Paraguai,MT,2021,0.102
Alto Paraguai,MT,2023,0.096
Alto Paraíso,RO,2020,41.625
Alto Paraíso,RO,2021,28.745
Alto Paraíso,RO,2022,21.047
Alto Paraíso,RO,2023,14.991
Alto Paraíso,RO,2024,3.154
Alvarães,AM,2020,5.361
Alvarães,AM,2021,7.335
Alvarães,AM,2022,1.417
Alvarães,AM,2023,6.023
Alvarães,AM,2024,7.922
Alvorada D'Oeste,RO,2020,1.82
Alvorada D'Oeste,RO,2021,2.044
Alvorada D'Oeste,RO,2022,0.557
Alvorada D'Oeste,RO,2023,1.162
Alvorada D'Oeste,RO,2024,1.267
Amajari,RR,2020,15.055
Amajari,RR,2021,10.955
Amajari,RR,2022,18.578
Amajari,RR,2023,9.816
Amajari,RR,2024,53.634
Amapá,AP,2024,0.221
Amapá do Maranhão,MA,2020,1.664
Amapá do Maranhão,MA,2021,1.223
Amapá do Maranhão,MA,2022,1.002
Amapá do Maranhão,MA,2023,7.952
Amapá do Maranhão,MA,2024,0.713
Amarante do Maranhão,MA,2020,6.718
Amarante do Maranhão,MA,2021,12.112
Amarante do Maranhão,MA,2022,10.008
Amarante do Maranhão,MA,2023,7.27
Amarante do Maranhão,MA,2024,4.73
Amaturá,AM,2020,0.156
Amaturá,AM,2021,0.531
Amaturá,AM,2022,0.072
Amaturá,AM,2023,1.159
Amaturá,AM,2024,6.992
Anajatuba,MA,2020,0.41
Anajatuba,MA,2021,0.117
Anajatuba,MA,2024,0.145
Anajás,PA,2020,0.895
Anajás,PA,2021,0.972
Anajás,PA,2022,0.133
Anajás,PA,2023,0.197
Anajás,PA,2024,0.146
Anamã,AM,2020,0.655
Anamã,AM,2021,1.753
Anamã,AM,2022,0.287
Anamã,AM,2023,1.009
Anamã,AM,2024,0.202
Ananás,TO,2020,5.204
Ananás,TO,2021,0.62
Ananás,TO,2022,0.533
Ananás,TO,2023,0.552
Anapu,PA,2020,107.56
Anapu,PA,2021,131.827
Anapu,PA,2022,108.911
Anapu,PA,2023,95.781
Anapu,PA,2024,56.84
Angico,TO,2020,0.227
Angico,TO,2022,0.084
Anori,AM,2020,0.32
Anori,AM,2021,0.389
Anori,AM,2022,0.218
Anori,AM,2023,0.265
Anori,AM,2024,0.182
Apiacás,MT,2020,51.822
Apiacás,MT,2021,99.071
Apiacás,MT,2022,79.117
Apiacás,MT,2023,64.443
Apiacás,MT,2024,18.676
Apicum-Açu,MA,2020,0.07
Apuí,AM,2020,258.674
Apuí,AM,2021,329.805
Apuí,AM,2022,751.937
Apuí,AM,2023,231.377
Apuí,AM,2024,115.629
Aragominas,TO,2020,1.598
Aragominas,TO,2021,0.935
Aragominas,TO,2022,1.713
Aragominas,TO,2023,0.772
Aragominas,TO,2024,0.421
Araguacema,TO,2020,0.273
Araguacema,TO,2021,0.33
Araguacema,TO,2022,1.115
Araguacema,TO,2023,0.897
Araguacema,TO,2024,0.398
Araguaiana,MT,2021,0.131
Araguaiana,MT,2023,0.077
Araguaiana,MT,2024,0.265
Araguanã,MA,2020,0.172
Araguanã,TO,2020,0.238
Araguanã,TO,2022,0.414
Araguanã,TO,2023,0.106
Araguatins,TO,2020,1.53
Araguatins,TO,2021,3.909
Araguatins,TO,2022,3.561
Araguatins,TO,2023,4.763
Araguatins,TO,2024,2.174
Araguaína,TO,2020,0.304
Araguaína,TO,2021,1.292
Araguaína,TO,2022,1.706
Araguaína,TO,2023,1.456
Araguaína,TO,2024,0.777
Arame,MA,2020,22.412
Arame,MA,2021,15.97
Arame,MA,2022,18.773
Arame,MA,2023,29.137
Arame,MA,2024,11.851
Arapoema,TO,2020,0.07
Arapoema,TO,2021,0.146
Arapoema,TO,2022,0.272
Arapoema,TO,2023,0.25
Arapoema,TO,2024,0.718
Araputanga,MT,2020,8.954
Araputanga,MT,2021,2.966
Araputanga,MT,2022,0.765
Arari,MA,2020,1.853
Arari,MA,2021,0.181
Arari,MA,2022,0.753
Arari,MA,2023,0.458
Arari,MA,2024,0.459
Arenápolis,MT,2020,0.082
Arenápolis,MT,2021,0.276
Aripuanã,MT,2020,142.428
Aripuanã,MT,2021,168.828
Aripuanã,MT,2022,130.063
Aripuanã,MT,2023,92.722
Aripuanã,MT,2024,67.882
Ariquemes,RO,2020,22.496
Ariquemes,RO,2021,14.521
Ariquemes,RO,2022,11.729
Ariquemes,RO,2023,13.057
Ariquemes,RO,2024,1.998
Assis Brasil,AC,2020,18.275
Assis Brasil,AC,2021,17.662
Assis Brasil,AC,2022,8.417
Assis Brasil,AC,2023,7.444
Assis Brasil,AC,2024,6.166
Atalaia do Norte,AM,2020,0.996
Atalaia do Norte,AM,2021,1.739
Atalaia do Norte,AM,2022,2.035
Atalaia do Norte,AM,2023,1.645
Atalaia do Norte,AM,2024,1.287
Augustinópolis,TO,2020,0.112
Augustinópolis,TO,2021,0.075
Augustinópolis,TO,2022,0.402
Augustinópolis,TO,2023,0.125
Augusto Corrêa,PA,2023,0.306
Aurora do Pará,PA,2020,3.099
Aurora do Pará,PA,2021,2.593
Aurora do Pará,PA,2022,2.116
Aurora do Pará,PA,2023,2.827
Aurora do Pará,PA,2024,4.893
Autazes,AM,2020,22.779
Autazes,AM,2021,47.349
Autazes,AM,2022,44.661
Autazes,AM,2023,20.773
Autazes,AM,2024,15.703
Aveiro,PA,2020,35.015
Aveiro,PA,2021,55.45
Aveiro,PA,2022,53.021
Aveiro,PA,2023,29.375
Aveiro,PA,2024,51.567
Axixá,MA,2021,0.2
Axixá do Tocantins,TO,2020,0.067
Axixá do Tocantins,TO,2022,0.105
Açailândia,MA,2020,20.02
Açailândia,MA,2021,13.615
Açailândia,MA,2022,13.938
Açailândia,MA,2023,11.695
Açailândia,MA,2024,13.04
Bacabeira,MA,2020,0.529
Bacabeira,MA,2021,0.071
Bacabeira,MA,2022,0.203
Bacabeira,MA,2024,0.084
Bagre,PA,2020,3.27
Bagre,PA,2021,6.031
Bagre,PA,2022,3.423
Bagre,PA,2023,2.463
Bagre,PA,2024,8.911
Baião,PA,2020,6.531
Baião,PA,2021,15.014
Baião,PA,2022,8.861
Baião,PA,2023,8.856
Baião,PA,2024,8.147
Bannach,PA,2020,2.155
Bannach,PA,2021,4.889
Bannach,PA,2022,4.013
Bannach,PA,2023,2.577
Bannach,PA,2024,0.455
Barcarena,PA,2020,2.582
Barcarena,PA,2021,1.947
Barcarena,PA,2022,0.559
Barcarena,PA,2023,0.262
Barcarena,PA,2024,0.887
Barcelos,AM,2020,1.261
Barcelos,AM,2021,1.393
Barcelos,AM,2022,0.707
Barcelos,AM,2023,1.684
Barcelos,AM,2024,8.498
Barra do Bugres,MT,2020,4.254
Barra do Bugres,MT,2021,10.622
Barra do Bugres,MT,2022,23.466
Barra do Bugres,MT,2023,6.074
Barra do Bugres,MT,2024,0.07
Barra do Corda,MA,2020,7.137
Barra do Corda,MA,2021,14.775
Barra do Corda,MA,2022,20.983
Barra do Corda,MA,2023,26.483
Barra do Corda,MA,2024,21.142
Barreirinha,AM,2020,1.469
Barreirinha,AM,2021,3.247
Barreirinha,AM,2022,4.843
Barreirinha,AM,2023,0.589
Barreirinha,AM,2024,10.544
Barão de Melgaço,MT,2020,5.383
Barão de Melgaço,MT,2022,6.48
Barão de Melgaço,MT,2023,0.066
Barão de Melgaço,MT,2024,5.394
Belterra,PA,2020,4.467
Belterra,PA,2021,16.097
Belterra,PA,2022,12.583
Belterra,PA,2023,7.577
Belterra,PA,2024,5.639
Belém,PA,2020,0.227
Belém,PA,2021,0.477
Belém,PA,2022,0.071
Belém,PA,2024,0.082
Benevides,PA,2020,0.313
Benevides,PA,2021,0.139
Benevides,PA,2022,0.435
Benevides,PA,2024,0.069
Benjamin Constant,AM,2020,0.099
Benjamin Constant,AM,2021,2.117
Benjamin Constant,AM,2022,0.838
Benjamin Constant,AM,2023,0.586
Benjamin Constant,AM,2024,0.569
Bequimão,MA,2021,0.08
Bernardo Sayão,TO,2020,0.182
Bernardo Sayão,TO,2022,0.066
Bernardo Sayão,TO,2023,0.081
Bernardo do Mearim,MA,2022,0.494
Bernardo do Mearim,MA,2023,0.075
Bernardo do Mearim,MA,2024,0.17
Beruri,AM,2020,3.352
Beruri,AM,2021,6.688
Beruri,AM,2022,7.358
Beruri,AM,2023,6.042
Beruri,AM,2024,5.799
Boa Vista,RR,2020,0.859
Boa Vista,RR,2021,0.42
Boa Vista,RR,2022,0.767
Boa Vista,RR,2024,0.988
Boa Vista do Gurupi,MA,2020,1.647
Boa Vista do Gurupi,MA,2021,0.505
Boa Vista do Gurupi,MA,2023,1.005
Boa Vista do Gurupi,MA,2024,0.184
Boa Vista do Ramos,AM,2020,0.604
Boa Vista do Ramos,AM,2021,0.579
Boa Vista do Ramos,AM,2022,2.909
Boa Vista do Ramos,AM,2023,0.621
Boa Vista do Ramos,AM,2024,0.566
Boca do Acre,AM,2020,144.259
Boca do Acre,AM,2021,200.469
Boca do Acre,AM,2022,178.842
Boca do Acre,AM,2023,91.59
Boca do Acre,AM,2024,97.097
Bom Jardim,MA,2020,21.26
Bom Jardim,MA,2021,20.238
Bom Jardim,MA,2022,23.088
Bom Jardim,MA,2023,18.275
Bom Jardim,MA,2024,38.596
Bom Jesus das Selvas,MA,2020,12.172
Bom Jesus das Selvas,MA,2021,20.433
Bom Jesus das Selvas,MA,2022,7.402
Bom Jesus das Selvas,MA,2023,4.589
Bom Jesus das Selvas,MA,2024,10.686
Bom Jesus do Araguaia,MT,2020,2.529
Bom Jesus do Araguaia,MT,2021,1.185
Bom Jesus do Araguaia,MT,2022,0.976
Bom Jesus do Araguaia,MT,2023,8.453
Bom Jesus do Araguaia,MT,2024,5.469
Bom Jesus do Tocantins,PA,2020,19.099
Bom Jesus do Tocantins,PA,2021,8.228
Bom Jesus do Tocantins,TO,2021,0.422
Bom Jesus do Tocantins,PA,2022,6.402
Bom Jesus do Tocantins,PA,2023,5.8
Bom Jesus do Tocantins,PA,2024,3.042
Bonfim,RR,2020,8.962
Bonfim,RR,2021,1.803
Bonfim,RR,2022,3.811
Bonfim,RR,2023,5.873
Bonfim,RR,2024,8.011
Bonito,PA,2020,0.24
Bonito,PA,2021,0.198
Bonito,PA,2023,0.318
Bonito,PA,2024,0.657
Borba,AM,2020,13.291
Borba,AM,2021,15.301
Borba,AM,2022,38.103
Borba,AM,2023,34.461
Borba,AM,2024,38.63
Bragança,PA,2020,0.405
Bragança,PA,2021,0.301
Bragança,PA,2023,0.482
Bragança,PA,2024,0.125
Brasil Novo,PA,2020,26.879
Brasil Novo,PA,2021,20.478
Brasil Novo,PA,2022,8.469
Brasil Novo,PA,2023,11.646
Brasil Novo,PA,2024,9.127
Brasiléia,AC,2020,40.062
Brasiléia,AC,2021,61.454
Brasiléia,AC,2022,30.759
Brasiléia,AC,2023,22.46
Brasiléia,AC,2024,19.061
Brasnorte,MT,2020,33.75
Brasnorte,MT,2021,12.212
Brasnorte,MT,2022,15.051
Brasnorte,MT,2023,25.648
Brasnorte,MT,2024,33.924
Brejo Grande do Araguaia,PA,2020,1.399
Brejo Grande do Araguaia,PA,2021,1.957
Brejo Grande do Araguaia,PA,2022,1.859
Brejo Grande do Araguaia,PA,2023,0.972
Brejo Grande do Araguaia,PA,2024,0.57
Brejo de Areia,MA,2020,1.357
Brejo de Areia,MA,2021,0.685
Brejo de Areia,MA,2022,0.407
Brejo de Areia,MA,2023,1.222
Brejo de Areia,MA,2024,0.291
Breu Branco,PA,2020,11.954
Breu Branco,PA,2021,12.622
Breu Branco,PA,2022,8.253
Breu Branco,PA,2023,9.077
Breu Branco,PA,2024,11.719
Breves,PA,2020,1.878
Breves,PA,2021,2.302
Breves,PA,2022,1.549
Breves,PA,2023,1.11
Breves,PA,2024,1.881
Bujari,AC,2020,17.731
Bujari,AC,2021,25.689
Bujari,AC,2022,37.184
Bujari,AC,2023,15.813
Bujari,AC,2024,18.897
Bujaru,PA,2020,1.259
Bujaru,PA,2021,0.572
Bujaru,PA,2022,0.25
Bujaru,PA,2023,0.442
Bujaru,PA,2024,0.967
Buriti Bravo,MA,2020,0.087
Buriti Bravo,MA,2021,1.617
Buriti Bravo,MA,2022,0.793
Buriti Bravo,MA,2023,0.38
Buriti Bravo,MA,2024,0.412
Buriti do Tocantins,TO,2020,0.144
Buriticupu,MA,2020,8.178
Buriticupu,MA,2021,16.792
Buriticupu,MA,2022,8.783
Buriticupu,MA,2023,11.19
Buriticupu,MA,2024,12.146
Buritirana,MA,2020,1.662
Buritirana,MA,2021,3.0
Buritirana,MA,2022,3.6
Buritirana,MA,2023,1.945
Buritirana,MA,2024,0.818
Buritis,RO,2020,37.643
Buritis,RO,2021,35.492
Buritis,RO,2022,27.333
Buritis,RO,2023,18.139
Buritis,RO,2024,2.58
Caapiranga,AM,2020,2.521
Caapiranga,AM,2021,1.993
Caapiranga,AM,2022,0.821
Caapiranga,AM,2023,1.59
Caapiranga,AM,2024,0.888
Cabixi,RO,2020,0.955
Cabixi,RO,2021,4.314
Cabixi,RO,2022,0.672
Cabixi,RO,2023,2.854
Cabixi,RO,2024,0.194
Cacaulândia,RO,2020,6.96
Cacaulândia,RO,2021,10.057
Cacaulândia,RO,2022,7.411
Cacaulândia,RO,2023,11.225
Cacaulândia,RO,2024,2.903
Cachoeira Grande,MA,2023,0.144
Cachoeira Grande,MA,2024,0.108
Cachoeira do Arari,PA,2021,0.393
Cachoeira do Arari,PA,2022,0.07
Cachoeira do Arari,PA,2023,0.065
Cachoeira do Arari,PA,2024,0.201
Cachoeira do Piriá,PA,2020,27.366
Cachoeira do Piriá,PA,2021,15.251
Cachoeira do Piriá,PA,2022,11.466
Cachoeira do Piriá,PA,2023,24.812
Cachoeira do Piriá,PA,2024,15.795
Cachoeirinha,TO,2020,0.298
Cachoeirinha,TO,2021,0.073
Cachoeirinha,TO,2023,0.245
Cacoal,RO,2020,4.963
Cacoal,RO,2021,18.019
Cacoal,RO,2022,3.182
Cacoal,RO,2023,3.24
Cacoal,RO,2024,2.911
Cajari,MA,2020,2.869
Cajari,MA,2021,0.776
Cajari,MA,2022,0.159
Cajari,MA,2023,0.203
Cajari,MA,2024,0.997
Calçoene,AP,2020,1.115
Calçoene,AP,2021,1.093
Calçoene,AP,2022,1.907
Calçoene,AP,2023,2.109
Calçoene,AP,2024,8.834
Cametá,PA,2020,0.509
Cametá,PA,2021,0.304
Cametá,PA,2022,0.42
Cametá,PA,2023,0.41
Cametá,PA,2024,0.74
Campestre do Maranhão,MA,2020,0.095
Campestre do Maranhão,MA,2021,0.332
Campestre do Maranhão,MA,2022,0.182
Campestre do Maranhão,MA,2023,0.223
Campestre do Maranhão,MA,2024,0.142
Campo Novo de Rondônia,RO,2020,14.021
Campo Novo de Rondônia,RO,2021,19.779
Campo Novo de Rondônia,RO,2022,15.374
Campo Novo de Rondônia,RO,2023,8.544
Campo Novo de Rondônia,RO,2024,5.363
Campo Novo do Parecis,MT,2021,3.966
Campo Novo do Parecis,MT,2022,1.887
Campo Novo do Parecis,MT,2024,1.953
Campo Verde,MT,2020,0.316
Campo Verde,MT,2021,0.093
Campos de Júlio,MT,2020,0.091
Campos de Júlio,MT,2021,0.663
Campos de Júlio,MT,2022,0.468
Campos de Júlio,MT,2023,0.087
Canabrava do Norte,MT,2020,2.124
Canabrava do Norte,MT,2021,6.136
Canabrava do Norte,MT,2022,2.89
Canabrava do Norte,MT,2023,0.104
Canabrava do Norte,MT,2024,1.516
Canarana,MT,2020,3.458
Canarana,MT,2021,0.869
Canarana,MT,2022,1.233
Canarana,MT,2023,8.617
Canarana,MT,2024,7.355
Canaã dos Carajás,PA,2020,2.005
Canaã dos Carajás,PA,2021,2.42
Canaã dos Carajás,PA,2022,1.82
Canaã dos Carajás,PA,2023,0.624
Canaã dos Carajás,PA,2024,0.629
Candeias do Jamari,RO,2020,113.389
Candeias do Jamari,RO,2021,219.863
Candeias do Jamari,RO,2022,189.414
Candeias do Jamari,RO,2023,90.151
Candeias do Jamari,RO,2024,27.329
Cantanhede,MA,2020,3.1
Cantanhede,MA,2021,1.657
Cantanhede,MA,2022,8.029
Cantanhede,MA,2023,5.617
Cantanhede,MA,2024,2.28
Cantá,RR,2020,21.032
Cantá,RR,2021,19.534
Cantá,RR,2022,12.795
Cantá,RR,2023,17.518
Cantá,RR,2024,21.067
Canutama,AM,2020,62.265
Canutama,AM,2021,126.834
Canutama,AM,2022,156.713
Canutama,AM,2023,134.35
Canutama,AM,2024,56.648
Capanema,PA,2020,0.529
Capanema,PA,2021,0.31
Capanema,PA,2023,0.392
Capanema,PA,2024,0.42
Capinzal do Norte,MA,2020,0.073
Capinzal do Norte,MA,2021,0.544
Capinzal do Norte,MA,2022,0.512
Capinzal do Norte,MA,2023,0.993
Capinzal do Norte,MA,2024,0.653
Capitão Poço,PA,2020,1.161
Capitão Poço,PA,2021,2.231
Capitão Poço,PA,2022,1.526
Capitão Poço,PA,2023,4.56
Capitão Poço,PA,2024,4.909
Capixaba,AC,2020,18.801
Capixaba,AC,2021,29.206
Capixaba,AC,2022,31.939
Capixaba,AC,2023,12.028
Capixaba,AC,2024,6.823
Caracaraí,RR,2020,35.955
Caracaraí,RR,2021,22.682
Caracaraí,RR,2022,39.148
Caracaraí,RR,2023,52.024
Caracaraí,RR,2024,74.987
Carauari,AM,2020,1.444
Carauari,AM,2021,1.061
Carauari,AM,2022,1.867
Carauari,AM,2023,1.902
Carauari,AM,2024,1.702
Careiro,AM,2020,4.475
Careiro,AM,2021,6.949
Careiro,AM,2022,6.541
Careiro,AM,2023,8.215
Careiro,AM,2024,9.758
Careiro da Várzea,AM,2020,7.022
Careiro da Várzea,AM,2021,17.138
Careiro da Várzea,AM,2022,28.424
Careiro da Várzea,AM,2023,4.921
Careiro da Várzea,AM,2024,4.163
Carlinda,MT,2020,1.508
Carlinda,MT,2021,1.932
Carlinda,MT,2022,1.471
Carlinda,MT,2023,2.254
Carlinda,MT,2024,1.787
Carmolândia,TO,2021,0.234
Carmolândia,TO,2022,0.305
Carmolândia,TO,2023,0.181
Carmolândia,TO,2024,0.251
Caroebe,RR,2020,41.888
Caroebe,RR,2021,37.303
Caroebe,RR,2022,31.914
Caroebe,RR,2023,39.434
Caroebe,RR,2024,19.534
Carrasco Bonito,TO,2022,0.102
Carutapera,MA,2020,2.077
Carutapera,MA,2021,0.879
Carutapera,MA,2022,0.193
Carutapera,MA,2023,1.399
Carutapera,MA,2024,1.02
Caseara,TO,2020,0.374
Caseara,TO,2022,0.246
Caseara,TO,2023,0.126
Castanhal,PA,2020,0.747
Castanhal,PA,2021,0.958
Castanhal,PA,2022,0.491
Castanhal,PA,2023,0.35
Castanhal,PA,2024,0.604
Castanheira,MT,2020,7.149
Castanheira,MT,2021,4.675
Castanheira,MT,2022,3.936
Castanheira,MT,2023,2.89
Castanheira,MT,2024,0.7
Castanheiras,RO,2020,1.439
Castanheiras,RO,2021,1.088
Castanheiras,RO,2022,0.395
Castanheiras,RO,2023,0.251
Castanheiras,RO,2024,0.658
Centro Novo do Maranhão,MA,2020,9.553
Centro Novo do Maranhão,MA,2021,6.057
Centro Novo do Maranhão,MA,2022,7.102
Centro Novo do Maranhão,MA,2023,6.58
Centro Novo do Maranhão,MA,2024,4.611
Centro do Guilherme,MA,2020,0.752
Centro do Guilherme,MA,2022,1.169
Centro do Guilherme,MA,2023,0.131
Centro do Guilherme,MA,2024,0.171
Cerejeiras,RO,2020,0.976
Cerejeiras,RO,2021,3.123
Cerejeiras,RO,2022,4.736
Cerejeiras,RO,2023,1.321
Cerejeiras,RO,2024,0.939
Chapada de Areia,TO,2020,0.211
Chapada dos Guimarães,MT,2020,0.069
Chapada dos Guimarães,MT,2021,0.125
Chapada dos Guimarães,MT,2024,0.231
Chaves,PA,2020,0.063
Chaves,PA,2022,0.071
Chaves,PA,2023,0.063
Chaves,PA,2024,12.826
Chupinguaia,RO,2020,12.7
Chupinguaia,RO,2021,15.288
Chupinguaia,RO,2022,4.572
Chupinguaia,RO,2023,6.871
Chupinguaia,RO,2024,2.53
Cidelândia,MA,2020,2.244
Cidelândia,MA,2021,4.784
Cidelândia,MA,2022,3.474
Cidelândia,MA,2023,1.713
Cidelândia,MA,2024,1.602
Cláudia,MT,2020,44.071
Cláudia,MT,2021,24.228
Cláudia,MT,2022,16.57
Cláudia,MT,2023,39.026
Cláudia,MT,2024,20.576
Coari,AM,2020,3.919
Coari,AM,2021,5.13
Coari,AM,2022,1.851
Coari,AM,2023,6.533
Coari,AM,2024,34.891
Cocalinho,MT,2020,0.696
Cocalinho,MT,2021,0.462
Cocalinho,MT,2022,1.878
Cocalinho,MT,2023,0.148
Cocalinho,MT,2024,0.071
Codajás,AM,2020,1.263
Codajás,AM,2021,1.417
Codajás,AM,2022,1.911
Codajás,AM,2023,3.083
Codajás,AM,2024,3.954
Codó,MA,2020,1.628
Codó,MA,2021,4.191
Codó,MA,2022,3.592
Codó,MA,2023,2.685
Codó,MA,2024,1.776
Colares,PA,2020,0.064
Colares,PA,2021,0.081
Colares,PA,2022,0.144
Colinas,MA,2020,2.73
Colinas,MA,2021,3.719
Colinas,MA,2022,4.014
Colinas,MA,2023,3.37
Colinas,MA,2024,4.56
Colméia,TO,2020,0.428
Colméia,TO,2021,0.418
Colméia,TO,2022,0.29
Colméia,TO,2024,0.065
Colniza,MT,2020,238.294
Colniza,MT,2021,266.663
Colniza,MT,2022,397.639
Colniza,MT,2023,149.318
Colniza,MT,2024,113.105
Colorado do Oeste,RO,2020,0.7
Colorado do Oeste,RO,2021,1.226
Colorado do Oeste,RO,2022,1.231
Colorado do Oeste,RO,2023,1.487
Colorado do Oeste,RO,2024,0.956
Colíder,MT,2020,5.782
Colíder,MT,2021,4.615
Colíder,MT,2022,3.235
Colíder,MT,2023,2.462
Colíder,MT,2024,0.556
Comodoro,MT,2020,31.92
Comodoro,MT,2021,22.571
Comodoro,MT,2022,12.5
Comodoro,MT,2023,9.728
Comodoro,MT,2024,4.983
Conceição do Araguaia,PA,2020,2.153
Conceição do Araguaia,PA,2021,4.577
Conceição do Araguaia,PA,2022,4.772
Conceição do Araguaia,PA,2023,7.088
Conceição do Araguaia,PA,2024,8.335
Concórdia do Pará,PA,2020,0.767
Concórdia do Pará,PA,2021,0.136
Concórdia do Pará,PA,2022,0.333
Concórdia do Pará,PA,2023,0.229
Concórdia do Pará,PA,2024,0.628
Confresa,MT,2020,29.369
Confresa,MT,2021,36.055
Confresa,MT,2022,33.195
Confresa,MT,2023,14.997
Confresa,MT,2024,4.346
Conquista D'Oeste,MT,2020,0.185
Conquista D'Oeste,MT,2021,2.663
Conquista D'Oeste,MT,2022,1.821
Conquista D'Oeste,MT,2023,7.206
Conquista D'Oeste,MT,2024,21.353
Coroatá,MA,2020,1.394
Coroatá,MA,2021,2.414
Coroatá,MA,2022,6.27
Coroatá,MA,2023,4.235
Coroatá,MA,2024,9.792
Corumbiara,RO,2020,4.038
Corumbiara,RO,2021,4.001
Corumbiara,RO,2022,3.187
Corumbiara,RO,2023,2.826
Corumbiara,RO,2024,0.838
Costa Marques,RO,2020,36.426
Costa Marques,RO,2021,34.78
Costa Marques,RO,2022,39.497
Costa Marques,RO,2023,28.12
Costa Marques,RO,2024,27.441
Cotriguaçu,MT,2020,49.036
Cotriguaçu,MT,2021,30.358
Cotriguaçu,MT,2022,40.377
Cotriguaçu,MT,2023,29.6
Cotriguaçu,MT,2024,5.54
Couto Magalhães,TO,2021,0.287
Couto Magalhães,TO,2022,0.731
Couto Magalhães,TO,2024,0.064
Cruzeiro do Sul,AC,2020,41.412
Cruzeiro do Sul,AC,2021,32.84
Cruzeiro do Sul,AC,2022,54.724
Cruzeiro do Sul,AC,2023,27.394
Cruzeiro do Sul,AC,2024,16.972
Cuiabá,MT,2021,0.112
Cuiabá,MT,2023,0.072
Cujubim,RO,2020,105.283
Cujubim,RO,2021,119.3
Cujubim,RO,2022,111.838
Cujubim,RO,2023,51.552
Cujubim,RO,2024,22.18
Cumaru do Norte,PA,2020,68.572
Cumaru do Norte,PA,2021,46.053
Cumaru do Norte,PA,2022,25.166
Cumaru do Norte,PA,2023,15.567
Cumaru do Norte,PA,2024,15.802
Curionópolis,PA,2020,3.338
Curionópolis,PA,2021,1.342
Curionópolis,PA,2022,4.163
Curionópolis,PA,2023,0.676
Curionópolis,PA,2024,0.521
Curralinho,PA,2020,1.084
Curralinho,PA,2021,2.79
Curralinho,PA,2022,0.762
Curralinho,PA,2023,1.152
Curralinho,PA,2024,3.093
Curuá,PA,2020,9.458
Curuá,PA,2021,6.888
Curuá,PA,2022,6.144
Curuá,PA,2023,6.526
Curuá,PA,2024,4.407
Curuçá,PA,2020,0.868
Curuçá,PA,2021,0.682
Curuçá,PA,2022,0.07
Curuçá,PA,2023,0.412
Curuçá,PA,2024,0.497
Curvelândia,MT,2020,0.3
Curvelândia,MT,2021,0.065
Curvelândia,MT,2024,0.065
Cutias,AP,2020,0.402
Cutias,AP,2021,0.098
Cutias,AP,2022,0.259
Cutias,AP,2023,0.426
Cutias,AP,2024,0.543
Cáceres,MT,2020,5.915
Cáceres,MT,2021,4.923
Cáceres,MT,2022,5.896
Cáceres,MT,2023,2.905
Cáceres,MT,2024,3.155
Cândido Mendes,MA,2020,0.666
Cândido Mendes,MA,2021,1.314
Cândido Mendes,MA,2022,0.25
Cândido Mendes,MA,2023,3.109
Cândido Mendes,MA,2024,2.063
Darcinópolis,TO,2020,0.969
Darcinópolis,TO,2021,0.617
Davinópolis,MA,2020,0.521
Davinópolis,MA,2021,0.203
Davinópolis,MA,2022,0.568
Davinópolis,MA,2023,0.344
Denise,MT,2020,0.285
Denise,MT,2021,0.084
Denise,MT,2022,0.325
Denise,MT,2024,0.064
Diamantino,MT,2020,6.014
Diamantino,MT,2021,6.879
Diamantino,MT,2022,1.393
Diamantino,MT,2023,7.548
Diamantino,MT,2024,2.919
Dois Irmãos do Tocantins,TO,2021,0.772
Dois Irmãos do Tocantins,TO,2022,0.07
Dois Irmãos do Tocantins,TO,2023,0.08
Dom Aquino,MT,2020,0.096
Dom Aquino,MT,2021,0.137
Dom Eliseu,PA,2020,25.85
Dom Eliseu,PA,2021,44.487
Dom Eliseu,PA,2022,47.772
Dom Eliseu,PA,2023,40.74
Dom Eliseu,PA,2024,39.604
Dom Pedro,MA,2020,0.591
Dom Pedro,MA,2021,0.925
Dom Pedro,MA,2022,0.36
Dom Pedro,MA,2023,0.161
Dom Pedro,MA,2024,0.329
Dueré,TO,2020,0.394
Dueré,TO,2021,5.127
Dueré,TO,2022,0.147
Dueré,TO,2023,5.739
Dueré,TO,2024,9.776
Eirunepé,AM,2020,2.892
Eirunepé,AM,2021,6.253
Eirunepé,AM,2022,6.523
Eirunepé,AM,2023,3.785
Eirunepé,AM,2024,2.77
Eldorado do Carajás,PA,2020,2.913
Eldorado do Carajás,PA,2021,3.143
Eldorado do Carajás,PA,2022,3.243
Eldorado do Carajás,PA,2023,3.278
Eldorado do Carajás,PA,2024,1.01
Envira,AM,2020,9.773
Envira,AM,2021,13.588
Envira,AM,2022,18.967
Envira,AM,2023,9.138
Envira,AM,2024,7.73
Epitaciolândia,AC,2020,8.456
Epitaciolândia,AC,2021,18.786
Epitaciolândia,AC,2022,11.009
Epitaciolândia,AC,2023,9.133
Epitaciolândia,AC,2024,5.775
Esperantina,TO,2020,0.77
Esperantina,TO,2021,0.234
Esperantina,TO,2022,0.315
Esperantina,TO,2023,0.745
Esperantina,TO,2024,0.099
Espigão D'Oeste,RO,2020,4.154
Espigão D'Oeste,RO,2021,11.7
Espigão D'Oeste,RO,2022,5.962
Espigão D'Oeste,RO,2023,4.053
Espigão D'Oeste,RO,2024,3.869
Estreito,MA,2020,0.072
Faro,PA,2020,1.171
Faro,PA,2021,3.447
Faro,PA,2022,4.756
Faro,PA,2023,2.737
Faro,PA,2024,2.212
Feijó,AC,2020,100.422
Feijó,AC,2021,139.614
Feijó,AC,2022,194.381
Feijó,AC,2023,62.608
Feijó,AC,2024,75.878
Feliz Natal,MT,2020,61.989
Feliz Natal,MT,2021,55.654
Feliz Natal,MT,2022,49.051
Feliz Natal,MT,2023,99.616
Feliz Natal,MT,2024,23.541
Fernando Falcão,MA,2020,0.785
Fernando Falcão,MA,2021,0.829
Fernando Falcão,MA,2022,1.191
Fernando Falcão,MA,2023,2.29
Fernando Falcão,MA,2024,4.324
Ferreira Gomes,AP,2020,0.448
Ferreira Gomes,AP,2021,0.07
Ferreira Gomes,AP,2022,0.748
Ferreira Gomes,AP,2023,0.266
Ferreira Gomes,AP,2024,0.209
Figueirópolis D'Oeste,MT,2020,0.316
Floresta do Araguaia,PA,2020,2.38
Floresta do Araguaia,PA,2021,3.098
Floresta do Araguaia,PA,2022,2.312
Floresta do Araguaia,PA,2023,3.103
Floresta do Araguaia,PA,2024,0.89
Fonte Boa,AM,2021,0.604
Fonte Boa,AM,2022,1.874
Fonte Boa,AM,2023,0.835
Fonte Boa,AM,2024,4.223
Formosa da Serra Negra,MA,2020,0.16
Formosa da Serra Negra,MA,2021,0.899
Formosa da Serra Negra,MA,2022,1.276
Formosa da Serra Negra,MA,2023,2.062
Formosa da Serra Negra,MA,2024,1.839
Formoso do Araguaia,TO,2020,1.856
Formoso do Araguaia,TO,2021,2.091
Formoso do Araguaia,TO,2022,2.002
Formoso do Araguaia,TO,2023,1.179
Formoso do Araguaia,TO,2024,0.198
Fortuna,MA,2020,5.109
Fortuna,MA,2021,9.756
Fortuna,MA,2022,4.267
Fortuna,MA,2023,4.416
Fortuna,MA,2024,2.713
Garrafão do Norte,PA,2020,0.909
Garrafão do Norte,PA,2021,1.158
Garrafão do Norte,PA,2022,2.012
Garrafão do Norte,PA,2023,2.191
Garrafão do Norte,PA,2024,0.44
Gaúcha do Norte,MT,2020,52.579
Gaúcha do Norte,MT,2021,21.71
Gaúcha do Norte,MT,2022,18.497
Gaúcha do Norte,MT,2023,17.289
Gaúcha do Norte,MT,2024,5.486
Glória D'Oeste,MT,2020,0.099
Glória D'Oeste,MT,2024,0.066
Godofredo Viana,MA,2020,1.178
Godofredo Viana,MA,2021,3.689
Godofredo Viana,MA,2022,0.008
Godofredo Viana,MA,2023,3.17
Godofredo Viana,MA,2024,0.31
Goianorte,TO,2021,0.278
Goianorte,TO,2022,0.065
Goianorte,TO,2023,0.071
Goianésia do Pará,PA,2020,40.128
Goianésia do Pará,PA,2021,28.901
Goianésia do Pará,PA,2022,27.81
Goianésia do Pará,PA,2023,18.906
Goianésia do Pará,PA,2024,30.2
Gonçalves Dias,MA,2020,7.522
Gonçalves Dias,MA,2021,7.602
Gonçalves Dias,MA,2022,5.445
Gonçalves Dias,MA,2023,3.539
Gonçalves Dias,MA,2024,4.658
Governador Archer,MA,2020,1.154
Governador Archer,MA,2021,2.588
Governador Archer,MA,2022,0.753
Governador Archer,MA,2023,2.146
Governador Archer,MA,2024,2.59
Governador Edison Lobão,MA,2021,0.314
Governador Edison Lobão,MA,2022,0.473
Governador Edison Lobão,MA,2023,0.106
Governador Eugênio Barros,MA,2020,2.191
Governador Eugênio Barros,MA,2021,6.157
Governador Eugênio Barros,MA,2022,4.531
Governador Eugênio Barros,MA,2023,4.152
Governador Eugênio Barros,MA,2024,5.422
Governador Jorge Teixeira,RO,2020,5.311
Governador Jorge Teixeira,RO,2021,20.607
Governador Jorge Teixeira,RO,2022,30.936
Governador Jorge Teixeira,RO,2023,22.077
Governador Jorge Teixeira,RO,2024,8.472
Governador Luiz Rocha,MA,2020,5.63
Governador Luiz Rocha,MA,2021,11.677
Governador Luiz Rocha,MA,2022,4.618
Governador Luiz Rocha,MA,2023,3.991
Governador Luiz Rocha,MA,2024,3.543
Governador Nunes Freire,MA,2020,0.094
Governador Nunes Freire,MA,2021,0.091
Grajaú,MA,2020,11.518
Grajaú,MA,2021,19.449
Grajaú,MA,2022,28.369
Grajaú,MA,2023,27.951
Grajaú,MA,2024,13.283
Graça Aranha,MA,2020,0.769
Graça Aranha,MA,2021,0.652
Graça Aranha,MA,2022,0.507
Graça Aranha,MA,2023,1.768
Graça Aranha,MA,2024,1.408
Guajará,AM,2020,20.644
Guajará,AM,2021,24.763
Guajará,AM,2022,34.561
Guajará,AM,2023,17.019
Guajará,AM,2024,12.11
Guajará-Mirim,RO,2020,34.512
Guajará-Mirim,RO,2021,27.08
Guajará-Mirim,RO,2022,23.923
Guajará-Mirim,RO,2023,10.003
Guajará-Mirim,RO,2024,10.748
Guarantã do Norte,MT,2020,8.063
Guarantã do Norte,MT,2021,11.56
Guarantã do Norte,MT,2022,10.735
Guarantã do Norte,MT,2023,7.373
Guarantã do Norte,MT,2024,3.138
Guaraí,TO,2020,0.501
Guaraí,TO,2021,0.142
Guaraí,TO,2022,0.292
Guaraí,TO,2023,0.677
Guaraí,TO,2024,8.194
Gurupá,PA,2020,3.829
Gurupá,PA,2021,2.109
Gurupá,PA,2022,2.351
Gurupá,PA,2023,1.73
Gurupá,PA,2024,8.717
Humaitá,AM,2020,108.757
Humaitá,AM,2021,198.09
Humaitá,AM,2022,169.248
Humaitá,AM,2023,85.331
Humaitá,AM,2024,45.438
Icatu,MA,2020,0.068
Icatu,MA,2021,0.14
Icatu,MA,2023,0.066
Icatu,MA,2024,0.298
Igarapé do Meio,MA,2020,0.17
Igarapé do Meio,MA,2021,0.203
Igarapé do Meio,MA,2022,0.074
Igarapé do Meio,MA,2023,0.17
Igarapé-Açu,PA,2020,0.233
Igarapé-Açu,PA,2021,0.065
Igarapé-Açu,PA,2023,0.109
Igarapé-Açu,PA,2024,0.523
Igarapé-Miri,PA,2020,1.079
Igarapé-Miri,PA,2021,4.413
Igarapé-Miri,PA,2022,0.548
Igarapé-Miri,PA,2023,0.967
Igarapé-Miri,PA,2024,1.183
Imperatriz,MA,2021,0.541
Imperatriz,MA,2022,1.482
Imperatriz,MA,2023,0.114
Imperatriz,MA,2024,0.499
Inhangapi,PA,2020,0.248
Inhangapi,PA,2021,0.365
Ipiranga do Norte,MT,2020,0.353
Ipiranga do Norte,MT,2021,4.905
Ipiranga do Norte,MT,2022,7.04
Ipiranga do Norte,MT,2023,1.427
Ipiranga do Norte,MT,2024,1.68
Ipixuna,AM,2020,8.118
Ipixuna,AM,2021,12.019
Ipixuna,AM,2022,18.187
Ipixuna,AM,2023,8.029
Ipixuna,AM,2024,5.827
Ipixuna do Pará,PA,2020,23.116
Ipixuna do Pará,PA,2021,31.523
Ipixuna do Pará,PA,2022,10.526
Ipixuna do Pará,PA,2023,19.758
Ipixuna do Pará,PA,2024,35.099
Iracema,RR,2020,28.004
Iracema,RR,2021,45.218
Iracema,RR,2022,33.343
Iracema,RR,2023,30.25
Iracema,RR,2024,85.652
Iranduba,AM,2020,2.223
Iranduba,AM,2021,0.703
Iranduba,AM,2022,0.729
Iranduba,AM,2023,1.519
Iranduba,AM,2024,5.729
Irituia,PA,2020,0.515
Irituia,PA,2021,0.785
Irituia,PA,2022,0.456
Irituia,PA,2023,0.783
Irituia,PA,2024,0.35
Itacoatiara,AM,2020,10.28
Itacoatiara,AM,2021,16.506
Itacoatiara,AM,2022,26.063
Itacoatiara,AM,2023,10.35
Itacoatiara,AM,2024,11.99
Itaguatins,TO,2020,0.202
Itaguatins,TO,2021,0.37
Itaguatins,TO,2022,0.435
Itaguatins,TO,2023,0.631
Itaipava do Grajaú,MA,2020,0.743
Itaipava do Grajaú,MA,2021,1.557
Itaipava do Grajaú,MA,2022,0.57
Itaipava do Grajaú,MA,2023,2.339
Itaipava do Grajaú,MA,2024,1.884
Itaituba,PA,2020,276.537
Itaituba,PA,2021,355.585
Itaituba,PA,2022,347.566
Itaituba,PA,2023,111.202
Itaituba,PA,2024,154.666
Itamarati,AM,2020,1.271
Itamarati,AM,2021,1.014
Itamarati,AM,2022,3.515
Itamarati,AM,2023,2.46
Itamarati,AM,2024,1.621
Itanhangá,MT,2020,31.91
Itanhangá,MT,2021,10.441
Itanhangá,MT,2022,8.212
Itanhangá,MT,2023,10.217
Itanhangá,MT,2024,22.651
Itapecuru Mirim,MA,2020,4.077
Itapecuru Mirim,MA,2021,2.608
Itapecuru Mirim,MA,2022,1.627
Itapecuru Mirim,MA,2023,5.356
Itapecuru Mirim,MA,2024,4.676
Itapiranga,AM,2020,0.204
Itapiranga,AM,2021,1.585
Itapiranga,AM,2022,1.663
Itapiranga,AM,2023,0.437
Itapiranga,AM,2024,2.895
Itaporã do Tocantins,TO,2020,0.166
Itaporã do Tocantins,TO,2022,0.38
Itaporã do Tocantins,TO,2024,0.07
Itapuã do Oeste,RO,2020,13.453
Itapuã do Oeste,RO,2021,20.543
Itapuã do Oeste,RO,2022,10.294
Itapuã do Oeste,RO,2023,14.774
Itapuã do Oeste,RO,2024,1.759
Itaubal,AP,2021,0.075
Itaubal,AP,2023,0.289
Itaubal,AP,2024,0.065
Itaúba,MT,2020,13.358
Itaúba,MT,2021,14.215
Itaúba,MT,2022,7.342
Itaúba,MT,2023,3.499
Itaúba,MT,2024,19.463
Itinga do Maranhão,MA,2020,22.373
Itinga do Maranhão,MA,2021,21.868
Itinga do Maranhão,MA,2022,26.771
Itinga do Maranhão,MA,2023,7.472
Itinga do Maranhão,MA,2024,7.626
Itupiranga,PA,2020,33.208
Itupiranga,PA,2021,48.318
Itupiranga,PA,2022,26.695
Itupiranga,PA,2023,27.506
Itupiranga,PA,2024,21.293
Jacareacanga,PA,2020,87.365
Jacareacanga,PA,2021,110.677
Jacareacanga,PA,2022,107.485
Jacareacanga,PA,2023,57.691
Jacareacanga,PA,2024,45.785
Jacundá,PA,2020,3.691
Jacundá,PA,2021,1.506
Jacundá,PA,2022,1.292
Jacundá,PA,2023,2.25
Jacundá,PA,2024,2.63
Japurá,AM,2020,2.208
Japurá,AM,2021,4.269
Japurá,AM,2022,13.256
Japurá,AM,2023,28.596
Japurá,AM,2024,8.326
Jaru,RO,2020,4.313
Jaru,RO,2021,2.708
Jaru,RO,2022,6.78
Jaru,RO,2023,2.473
Jaru,RO,2024,1.647
Jatobá,MA,2020,0.998
Jatobá,MA,2021,1.137
Jatobá,MA,2022,2.021
Jatobá,MA,2023,1.326
Jatobá,MA,2024,3.813
Jauru,MT,2020,0.839
Jauru,MT,2021,1.206
Jauru,MT,2022,0.265
Jauru,MT,2023,0.423
Jauru,MT,2024,0.598
Jenipapo dos Vieiras,MA,2020,1.071
Jenipapo dos Vieiras,MA,2021,0.591
Jenipapo dos Vieiras,MA,2022,1.193
Jenipapo dos Vieiras,MA,2023,2.16
Jenipapo dos Vieiras,MA,2024,2.29
Ji-Paraná,RO,2020,2.527
Ji-Paraná,RO,2021,1.791
Ji-Paraná,RO,2022,1.258
Ji-Paraná,RO,2023,4.532
Ji-Paraná,RO,2024,0.26
Jordão,AC,2020,11.654
Jordão,AC,2021,9.842
Jordão,AC,2022,15.216
Jordão,AC,2023,5.201
Jordão,AC,2024,7.252
Joselândia,MA,2020,0.7
Joselândia,MA,2021,1.154
Joselândia,MA,2022,0.908
Joselândia,MA,2023,1.301
Joselândia,MA,2024,4.465
João Lisboa,MA,2020,1.733
João Lisboa,MA,2021,0.636
João Lisboa,MA,2022,0.642
João Lisboa,MA,2023,0.93
João Lisboa,MA,2024,0.322
Juara,MT,2020,52.648
Juara,MT,2021,88.223
Juara,MT,2022,80.443
Juara,MT,2023,115.178
Juara,MT,2024,52.565
Junco do Maranhão,MA,2021,0.141
Junco do Maranhão,MA,2023,0.064
Juruena,MT,2020,8.018
Juruena,MT,2021,3.336
Juruena,MT,2022,7.391
Juruena,MT,2023,6.818
Juruena,MT,2024,2.995
Juruti,PA,2020,9.329
Juruti,PA,2021,4.525
Juruti,PA,2022,15.612
Juruti,PA,2023,8.515
Juruti,PA,2024,20.561
Juruá,AM,2020,0.775
Juruá,AM,2021,1.566
Juruá,AM,2022,0.415
Juruá,AM,2023,1.868
Juruá,AM,2024,6.081
Juscimeira,MT,2021,0.167
Juscimeira,MT,2022,0.074
Juscimeira,MT,2023,0.215
Juscimeira,MT,2024,0.436
Jutaí,AM,2020,7.271
Jutaí,AM,2021,1.1
Jutaí,AM,2022,11.782
Jutaí,AM,2023,5.458
Jutaí,AM,2024,5.337
Juína,MT,2020,20.049
Juína,MT,2021,48.827
Juína,MT,2022,29.228
Juína,MT,2023,31.753
Juína,MT,2024,18.987
Lagoa Grande do Maranhão,MA,2020,0.374
Lagoa Grande do Maranhão,MA,2021,0.358
Lagoa Grande do Maranhão,MA,2022,0.612
Lagoa Grande do Maranhão,MA,2023,0.589
Lagoa Grande do Maranhão,MA,2024,0.491
Lagoa da Confusão,TO,2020,0.142
Lagoa da Confusão,TO,2021,0.862
Lagoa da Confusão,TO,2022,1.644
Lagoa da Confusão,TO,2023,3.42
Lagoa da Confusão,TO,2024,1.051
Lajeado Novo,MA,2020,0.323
Lajeado Novo,MA,2021,0.589
Lajeado Novo,MA,2022,0.23
Lajeado Novo,MA,2023,0.788
Lajeado Novo,MA,2024,0.267
Lambari D'Oeste,MT,2020,0.412
Lambari D'Oeste,MT,2021,0.853
Lambari D'Oeste,MT,2022,0.605
Lambari D'Oeste,MT,2023,2.313
Lambari D'Oeste,MT,2024,0.671
Laranjal do Jari,AP,2020,0.368
Laranjal do Jari,AP,2021,2.151
Laranjal do Jari,AP,2022,1.662
Laranjal do Jari,AP,2023,2.13
Laranjal do Jari,AP,2024,2.626
Lima Campos,MA,2020,0.433
Lima Campos,MA,2021,0.235
Lima Campos,MA,2022,0.17
Lima Campos,MA,2023,0.531
Lima Campos,MA,2024,0.174
Limoeiro do Ajuru,PA,2020,0.173
Limoeiro do Ajuru,PA,2021,0.344
Limoeiro do Ajuru,PA,2023,0.138
Lucas do Rio Verde,MT,2020,6.211
Lucas do Rio Verde,MT,2021,0.363
Lucas do Rio Verde,MT,2022,0.086
Lucas do Rio Verde,MT,2023,1.232
Lucas do Rio Verde,MT,2024,0.209
Luciara,MT,2020,0.208
Luciara,MT,2022,0.47
Luciara,MT,2023,0.177
Luciara,MT,2024,1.411
Luzinópolis,TO,2021,0.198
Luzinópolis,TO,2024,0.116
Luís Domingues,MA,2020,0.872
Luís Domingues,MA,2021,1.679
Luís Domingues,MA,2022,0.549
Luís Domingues,MA,2023,0.802
Luís Domingues,MA,2024,0.109
Lábrea,AM,2020,384.311
Lábrea,AM,2021,540.608
Lábrea,AM,2022,699.634
Lábrea,AM,2023,206.759
Lábrea,AM,2024,129.901
Macapá,AP,2020,1.436
Macapá,AP,2021,0.905
Macapá,AP,2022,0.52
Macapá,AP,2023,1.473
Macapá,AP,2024,1.658
Machadinho D'Oeste,RO,2020,44.805
Machadinho D'Oeste,RO,2021,57.883
Machadinho D'Oeste,RO,2022,68.53
Machadinho D'Oeste,RO,2023,33.576
Machadinho D'Oeste,RO,2024,16.3
Magalhães Barata,PA,2020,1.654
Magalhães Barata,PA,2021,1.215
Magalhães Barata,PA,2022,0.138
Magalhães Barata,PA,2023,0.137
Magalhães Barata,PA,2024,0.271
Manacapuru,AM,2020,10.878
Manacapuru,AM,2021,5.94
Manacapuru,AM,2022,1.666
Manacapuru,AM,2023,7.171
Manacapuru,AM,2024,15.028
Manaquiri,AM,2020,2.006
Manaquiri,AM,2021,1.641
Manaquiri,AM,2022,0.602
Manaquiri,AM,2023,3.21
Manaquiri,AM,2024,2.901
Manaus,AM,2020,6.706
Manaus,AM,2021,5.577
Manaus,AM,2022,3.596
Manaus,AM,2023,3.255
Manaus,AM,2024,11.785
Manicoré,AM,2020,78.37
Manicoré,AM,2021,134.732
Manicoré,AM,2022,247.726
Manicoré,AM,2023,98.456
Manicoré,AM,2024,72.961
Manoel Urbano,AC,2020,53.445
Manoel Urbano,AC,2021,40.864
Manoel Urbano,AC,2022,87.353
Manoel Urbano,AC,2023,30.374
Manoel Urbano,AC,2024,24.28
Marabá,PA,2020,57.992
Marabá,PA,2021,74.184
Marabá,PA,2022,42.535
Marabá,PA,2023,36.548
Marabá,PA,2024,21.648
Maracanã,PA,2020,0.88
Maracanã,PA,2021,0.595
Maracanã,PA,2022,0.336
Maracanã,PA,2023,0.302
Maracanã,PA,2024,0.783
Maracaçumé,MA,2020,0.274
Maracaçumé,MA,2021,0.07
Maracaçumé,MA,2022,0.091
Maracaçumé,MA,2023,1.017
Maracaçumé,MA,2024,0.281
Marajá do Sena,MA,2020,8.408
Marajá do Sena,MA,2021,3.488
Marajá do Sena,MA,2022,7.44
Marajá do Sena,MA,2023,10.774
Marajá do Sena,MA,2024,11.919
Maranhãozinho,MA,2022,0.089
Marapanim,PA,2020,0.727
Marapanim,PA,2021,1.345
Marapanim,PA,2022,0.705
Marapanim,PA,2023,0.163
Marapanim,PA,2024,0.648
Maraã,AM,2020,0.86
Maraã,AM,2021,1.983
Maraã,AM,2022,0.442
Maraã,AM,2023,1.434
Maraã,AM,2024,3.43
Marcelândia,MT,2020,111.635
Marcelândia,MT,2021,133.265
Marcelândia,MT,2022,70.381
Marcelândia,MT,2023,111.14
Marcelândia,MT,2024,86.297
Marechal Thaumaturgo,AC,2020,28.648
Marechal Thaumaturgo,AC,2021,6.335
Marechal Thaumaturgo,AC,2022,9.783
Marechal Thaumaturgo,AC,2023,10.833
Marechal Thaumaturgo,AC,2024,9.11
Marianópolis do Tocantins,TO,2020,0.379
Marianópolis do Tocantins,TO,2021,0.238
Marianópolis do Tocantins,TO,2022,0.142
Marianópolis do Tocantins,TO,2023,0.085
Marianópolis do Tocantins,TO,2024,0.424
Matinha,MA,2020,0.085
Matinha,MA,2021,0.101
Matupá,MT,2020,18.555
Matupá,MT,2021,12.5
Matupá,MT,2022,11.131
Matupá,MT,2023,10.292
Matupá,MT,2024,8.708
Matões do Norte,MA,2020,1.818
Matões do Norte,MA,2021,0.311
Matões do Norte,MA,2022,1.531
Matões do Norte,MA,2023,0.35
Matões do Norte,MA,2024,0.16
Maurilândia do Tocantins,TO,2022,0.089
Maurilândia do Tocantins,TO,2023,0.281
Maués,AM,2020,21.32
Maués,AM,2021,68.019
Maués,AM,2022,98.809
Maués,AM,2023,35.065
Maués,AM,2024,37.033
Mazagão,AP,2020,0.711
Mazagão,AP,2021,2.459
Mazagão,AP,2022,2.691
Mazagão,AP,2023,3.627
Mazagão,AP,2024,4.219
Medicilândia,PA,2020,64.457
Medicilândia,PA,2021,104.648
Medicilândia,PA,2022,102.13
Medicilândia,PA,2023,96.897
Medicilândia,PA,2024,53.62
Melgaço,PA,2020,2.192
Melgaço,PA,2021,1.85
Melgaço,PA,2022,1.917
Melgaço,PA,2023,0.741
Melgaço,PA,2024,3.08
Ministro Andreazza,RO,2020,0.793
Ministro Andreazza,RO,2021,2.414
Ministro Andreazza,RO,2022,1.096
Ministro Andreazza,RO,2023,0.787
Ministro Andreazza,RO,2024,0.393
Miranda do Norte,MA,2020,2.478
Miranda do Norte,MA,2021,0.963
Miranda do Norte,MA,2022,1.053
Miranda do Norte,MA,2023,1.134
Miranda do Norte,MA,2024,0.281
Mirante da Serra,RO,2020,7.415
Mirante da Serra,RO,2021,5.434
Mirante da Serra,RO,2022,2.256
Mirante da Serra,RO,2023,2.159
Mirante da Serra,RO,2024,1.492
Mirassol d'Oeste,MT,2020,2.19
Mirassol d'Oeste,MT,2021,0.681
Mirassol d'Oeste,MT,2022,0.496
Mirassol d'Oeste,MT,2023,0.773
Mirassol d'Oeste,MT,2024,1.223
Mocajuba,PA,2020,0.088
Mocajuba,PA,2023,0.285
Mocajuba,PA,2024,0.259
Moju,PA,2020,36.143
Moju,PA,2021,56.11
Moju,PA,2022,74.628
Moju,PA,2023,97.241
Moju,PA,2024,63.152
Mojuí dos Campos,PA,2020,30.818
Mojuí dos Campos,PA,2021,61.589
Mojuí dos Campos,PA,2022,78.844
Mojuí dos Campos,PA,2023,87.388
Mojuí dos Campos,PA,2024,83.23
Monte Alegre,PA,2020,32.881
Monte Alegre,PA,2021,37.8
Monte Alegre,PA,2022,37.728
Monte Alegre,PA,2023,16.262
Monte Alegre,PA,2024,26.509
Monte Negro,RO,2020,14.433
Monte Negro,RO,2021,16.591
Monte Negro,RO,2022,11.635
Monte Negro,RO,2023,10.848
Monte Negro,RO,2024,1.971
Monte Santo do Tocantins,TO,2023,0.064
Montes Altos,MA,2020,0.618
Montes Altos,MA,2021,0.951
Montes Altos,MA,2022,2.003
Montes Altos,MA,2023,1.038
Montes Altos,MA,2024,1.126
Monção,MA,2020,4.448
Monção,MA,2021,0.739
Monção,MA,2022,0.249
Monção,MA,2023,0.793
Monção,MA,2024,1.128
Morros,MA,2020,0.39
Morros,MA,2021,0.284
Morros,MA,2023,0.073
Morros,MA,2024,0.078
Muaná,PA,2020,0.093
Muaná,PA,2021,0.304
Muaná,PA,2022,0.128
Muaná,PA,2024,0.4
Mucajaí,RR,2020,37.81
Mucajaí,RR,2021,48.657
Mucajaí,RR,2022,23.383
Mucajaí,RR,2023,20.084
Mucajaí,RR,2024,86.294
Muricilândia,TO,2020,0.3
Muricilândia,TO,2021,0.79
Muricilândia,TO,2022,0.365
Muricilândia,TO,2023,0.083
Muricilândia,TO,2024,0.065
Mâncio Lima,AC,2020,6.65
Mâncio Lima,AC,2021,10.724
Mâncio Lima,AC,2022,13.739
Mâncio Lima,AC,2023,8.547
Mâncio Lima,AC,2024,4.1
Mãe do Rio,PA,2020,0.206
Mãe do Rio,PA,2023,0.068
Nazaré,TO,2021,0.374
Nazaré,TO,2022,0.429
Nazaré,TO,2023,0.518
Nazaré,TO,2024,0.139
Nhamundá,AM,2020,3.804
Nhamundá,AM,2021,4.617
Nhamundá,AM,2022,9.123
Nhamundá,AM,2023,5.634
Nhamundá,AM,2024,10.219
Normandia,RR,2024,0.204
Nortelândia,MT,2020,1.089
Nortelândia,MT,2021,2.375
Nortelândia,MT,2022,0.371
Nortelândia,MT,2024,0.22
Nossa Senhora do Livramento,MT,2020,0.249
Nossa Senhora do Livramento,MT,2023,0.198
Nova Bandeirantes,MT,2020,50.802
Nova Bandeirantes,MT,2021,121.809
Nova Bandeirantes,MT,2022,177.405
Nova Bandeirantes,MT,2023,69.283
Nova Bandeirantes,MT,2024,21.902
Nova Brasilândia,MT,2020,0.081
Nova Brasilândia,MT,2021,0.066
Nova Brasilândia D'Oeste,RO,2020,3.851
Nova Brasilândia D'Oeste,RO,2021,2.381
Nova Brasilândia D'Oeste,RO,2022,1.845
Nova Brasilândia D'Oeste,RO,2023,3.214
Nova Brasilândia D'Oeste,RO,2024,1.349
Nova Canaã do Norte,MT,2020,9.196
Nova Canaã do Norte,MT,2021,14.182
Nova Canaã do Norte,MT,2022,4.323
Nova Canaã do Norte,MT,2023,8.574
Nova Canaã do Norte,MT,2024,7.626
Nova Esperança do Piriá,PA,2020,7.769
Nova Esperança do Piriá,PA,2021,1.726
Nova Esperança do Piriá,PA,2022,7.922
Nova Esperança do Piriá,PA,2023,4.169
Nova Esperança do Piriá,PA,2024,4.371
Nova Guarita,MT,2020,1.303
Nova Guarita,MT,2021,1.494
Nova Guarita,MT,2022,1.484
Nova Guarita,MT,2023,1.003
Nova Guarita,MT,2024,1.489
Nova Ipixuna,PA,2020,6.283
Nova Ipixuna,PA,2021,3.601
Nova Ipixuna,PA,2022,4.054
Nova Ipixuna,PA,2023,2.637
Nova Ipixuna,PA,2024,2.195
Nova Lacerda,MT,2020,2.107
Nova Lacerda,MT,2021,2.246
Nova Lacerda,MT,2022,0.837
Nova Lacerda,MT,2023,2.022
Nova Lacerda,MT,2024,5.096
Nova Mamoré,RO,2020,113.093
Nova Mamoré,RO,2021,95.033
Nova Mamoré,RO,2022,150.203
Nova Mamoré,RO,2023,65.445
Nova Mamoré,RO,2024,11.361
Nova Marilândia,MT,2020,0.559
Nova Marilândia,MT,2021,2.329
Nova Marilândia,MT,2023,0.192
Nova Marilândia,MT,2024,1.409
Nova Maringá,MT,2020,18.16
Nova Maringá,MT,2021,29.634
Nova Maringá,MT,2022,26.256
Nova Maringá,MT,2023,129.839
Nova Maringá,MT,2024,203.688
Nova Monte Verde,MT,2020,18.892
Nova Monte Verde,MT,2021,26.108
Nova Monte Verde,MT,2022,34.096
Nova Monte Verde,MT,2023,26.47
Nova Monte Verde,MT,2024,4.793
Nova Mutum,MT,2020,2.042
Nova Mutum,MT,2021,4.579
Nova Mutum,MT,2022,8.825
Nova Mutum,MT,2023,11.057
Nova Mutum,MT,2024,7.252
Nova Nazaré,MT,2020,0.081
Nova Nazaré,MT,2021,0.721
Nova Nazaré,MT,2022,0.106
Nova Nazaré,MT,2023,0.213
Nova Olinda,TO,2024,0.083
Nova Olinda do Maranhão,MA,2020,9.466
Nova Olinda do Maranhão,MA,2021,0.085
Nova Olinda do Maranhão,MA,2022,0.51
Nova Olinda do Maranhão,MA,2024,0.068
Nova Olinda do Norte,AM,2020,6.038
Nova Olinda do Norte,AM,2021,6.353
Nova Olinda do Norte,AM,2022,12.198
Nova Olinda do Norte,AM,2023,5.054
Nova Olinda do Norte,AM,2024,3.293
Nova Olímpia,MT,2020,1.598
Nova Olímpia,MT,2021,1.676
Nova Olímpia,MT,2022,0.32
Nova Olímpia,MT,2023,0.484
Nova Olímpia,MT,2024,0.408
Nova Santa Helena,MT,2020,10.7
Nova Santa Helena,MT,2021,8.969
Nova Santa Helena,MT,2022,11.154
Nova Santa Helena,MT,2023,28.299
Nova Santa Helena,MT,2024,56.63
Nova Timboteua,PA,2020,0.071
Nova Timboteua,PA,2023,0.417
Nova Timboteua,PA,2024,0.149
Nova Ubiratã,MT,2020,32.831
Nova Ubiratã,MT,2021,46.334
Nova Ubiratã,MT,2022,55.73
Nova Ubiratã,MT,2023,115.923
Nova Ubiratã,MT,2024,17.115
Nova União,RO,2020,9.352
Nova União,RO,2021,7.815
Nova União,RO,2022,5.29
Nova União,RO,2023,2.087
Nova União,RO,2024,2.822
Novo Airão,AM,2020,0.728
Novo Airão,AM,2021,1.016
Novo Airão,AM,2022,0.658
Novo Airão,AM,2023,0.993
Novo Airão,AM,2024,5.395
Novo Aripuanã,AM,2020,111.512
Novo Aripuanã,AM,2021,194.037
Novo Aripuanã,AM,2022,292.272
Novo Aripuanã,AM,2023,124.668
Novo Aripuanã,AM,2024,162.712
Novo Horizonte do Norte,MT,2020,0.478
Novo Horizonte do Norte,MT,2021,0.46
Novo Horizonte do Norte,MT,2023,0.38
Novo Horizonte do Norte,MT,2024,0.203
Novo Horizonte do Oeste,RO,2020,0.558
Novo Horizonte do Oeste,RO,2021,0.702
Novo Horizonte do Oeste,RO,2022,1.266
Novo Horizonte do Oeste,RO,2023,0.967
Novo Horizonte do Oeste,RO,2024,0.538
Novo Mundo,MT,2020,19.451
Novo Mundo,MT,2021,17.722
Novo Mundo,MT,2022,14.466
Novo Mundo,MT,2023,11.745
Novo Mundo,MT,2024,6.59
Novo Progresso,PA,2020,356.171
Novo Progresso,PA,2021,414.098
Novo Progresso,PA,2022,263.147
Novo Progresso,PA,2023,94.077
Novo Progresso,PA,2024,62.168
Novo Repartimento,PA,2020,158.798
Novo Repartimento,PA,2021,191.619
Novo Repartimento,PA,2022,109.515
Novo Repartimento,PA,2023,108.582
Novo Repartimento,PA,2024,69.542
Novo Santo Antônio,MT,2020,0.44
Novo Santo Antônio,MT,2021,9.707
Novo Santo Antônio,MT,2022,2.41
Novo Santo Antônio,MT,2023,3.131
Novo Santo Antônio,MT,2024,1.286
Oeiras do Pará,PA,2020,2.417
Oeiras do Pará,PA,2021,10.663
Oeiras do Pará,PA,2022,3.286
Oeiras do Pará,PA,2023,2.532
Oeiras do Pará,PA,2024,6.829
Oiapoque,AP,2020,0.68
Oiapoque,AP,2021,0.708
Oiapoque,AP,2022,1.437
Oiapoque,AP,2023,0.767
Oiapoque,AP,2024,5.562
Oriximiná,PA,2020,23.749
Oriximiná,PA,2021,17.264
Oriximiná,PA,2022,13.913
Oriximiná,PA,2023,15.448
Oriximiná,PA,2024,14.758
Ourilândia do Norte,PA,2020,17.681
Ourilândia do Norte,PA,2021,15.008
Ourilândia do Norte,PA,2022,7.707
Ourilândia do Norte,PA,2023,8.897
Ourilândia do Norte,PA,2024,3.786
Ouro Preto do Oeste,RO,2020,8.574
Ouro Preto do Oeste,RO,2021,7.453
Ouro Preto do Oeste,RO,2022,2.536
Ouro Preto do Oeste,RO,2023,2.951
Ouro Preto do Oeste,RO,2024,0.837
Ourém,PA,2020,0.334
Ourém,PA,2021,0.424
Ourém,PA,2023,0.474
Ourém,PA,2024,0.473
Pacajá,PA,2020,247.722
Pacajá,PA,2021,258.475
Pacajá,PA,2022,221.884
Pacajá,PA,2023,185.446
Pacajá,PA,2024,84.221
Pacaraima,RR,2020,0.562
Pacaraima,RR,2021,1.095
Pacaraima,RR,2022,0.418
Pacaraima,RR,2023,0.2
Pacaraima,RR,2024,0.882
Palestina do Pará,PA,2020,1.054
Palestina do Pará,PA,2021,1.128
Palestina do Pará,PA,2022,0.744
Palestina do Pará,PA,2023,0.257
Palestina do Pará,PA,2024,0.182
Palmeirante,TO,2022,0.382
Palmeiras do Tocantins,TO,2020,0.144
Palmeiras do Tocantins,TO,2021,0.114
Palmeiras do Tocantins,TO,2023,0.552
Palmeiras do Tocantins,TO,2024,1.164
Palmeirândia,MA,2024,0.196
Paragominas,PA,2020,19.531
Paragominas,PA,2021,31.229
Paragominas,PA,2022,47.039
Paragominas,PA,2023,31.517
Paragominas,PA,2024,33.923
Paranatinga,MT,2020,65.857
Paranatinga,MT,2021,28.575
Paranatinga,MT,2022,89.426
Paranatinga,MT,2023,36.787
Paranatinga,MT,2024,58.209
Paranaíta,MT,2020,24.518
Paranaíta,MT,2021,20.135
Paranaíta,MT,2022,30.92
Paranaíta,MT,2023,49.906
Paranaíta,MT,2024,7.57
Parauapebas,PA,2020,3.825
Parauapebas,PA,2021,6.984
Parauapebas,PA,2022,4.171
Parauapebas,PA,2023,2.941
Parauapebas,PA,2024,2.789
Parecis,RO,2020,6.072
Parecis,RO,2021,3.881
Parecis,RO,2022,2.813
Parecis,RO,2023,4.318
Parecis,RO,2024,3.264
Parintins,AM,2020,2.961
Parintins,AM,2021,2.5
Parintins,AM,2022,3.85
Parintins,AM,2023,1.873
Parintins,AM,2024,8.758
Pau D'Arco,PA,2020,2.955
Pau D'Arco,PA,2021,3.905
Pau D'Arco,TO,2021,0.255
Pau D'Arco,PA,2022,1.624
Pau D'Arco,TO,2022,0.497
Pau D'Arco,PA,2023,4.737
Pau D'Arco,PA,2024,2.315
Pau D'Arco,TO,2024,0.433
Pauini,AM,2020,17.571
Pauini,AM,2021,28.067
Pauini,AM,2022,32.602
Pauini,AM,2023,13.557
Pauini,AM,2024,11.49
Paulo Ramos,MA,2020,0.505
Paulo Ramos,MA,2021,0.411
Paulo Ramos,MA,2022,0.894
Paulo Ramos,MA,2023,1.48
Paulo Ramos,MA,2024,1.686
Paço do Lumiar,MA,2020,1.039
Paço do Lumiar,MA,2021,0.412
Paço do Lumiar,MA,2022,0.064
Paço do Lumiar,MA,2023,0.941
Paço do Lumiar,MA,2024,0.246
Pedra Branca do Amapari,AP,2020,1.017
Pedra Branca do Amapari,AP,2021,1.999
Pedra Branca do Amapari,AP,2022,3.337
Pedra Branca do Amapari,AP,2023,0.745
Pedra Branca do Amapari,AP,2024,0.586
Pedreiras,MA,2022,0.079
Pedreiras,MA,2023,0.065
Pedreiras,MA,2024,0.132
Pedro Afonso,TO,2020,1.528
Pedro Afonso,TO,2021,0.209
Pedro Afonso,TO,2022,0.122
Pedro Afonso,TO,2023,0.479
Pedro Afonso,TO,2024,0.305
Pedro do Rosário,MA,2020,2.689
Pedro do Rosário,MA,2021,0.412
Pedro do Rosário,MA,2024,1.341
Peixe-Boi,PA,2020,0.248
Peixe-Boi,PA,2021,0.315
Peixe-Boi,PA,2022,0.143
Peixe-Boi,PA,2023,0.296
Peixe-Boi,PA,2024,0.519
Peixoto de Azevedo,MT,2020,64.415
Peixoto de Azevedo,MT,2021,83.838
Peixoto de Azevedo,MT,2022,54.966
Peixoto de Azevedo,MT,2023,76.838
Peixoto de Azevedo,MT,2024,60.738
Penalva,MA,2020,2.031
Penalva,MA,2021,0.073
Penalva,MA,2022,0.428
Penalva,MA,2023,0.176
Penalva,MA,2024,0.506
Peri Mirim,MA,2020,0.705
Peri Mirim,MA,2021,0.259
Peritoró,MA,2020,1.204
Peritoró,MA,2021,8.332
Peritoró,MA,2022,4.152
Peritoró,MA,2023,2.229
Peritoró,MA,2024,1.588
Pimenta Bueno,RO,2020,17.791
Pimenta Bueno,RO,2021,32.884
Pimenta Bueno,RO,2022,14.976
Pimenta Bueno,RO,2023,15.281
Pimenta Bueno,RO,2024,12.461
Pimenteiras do Oeste,RO,2020,8.642
Pimenteiras do Oeste,RO,2021,9.754
Pimenteiras do Oeste,RO,2022,5.365
Pimenteiras do Oeste,RO,2023,9.585
Pimenteiras do Oeste,RO,2024,33.81
Pinheiro,MA,2020,4.157
Pinheiro,MA,2021,1.76
Pinheiro,MA,2022,0.169
Pinheiro,MA,2023,0.634
Pinheiro,MA,2024,1.946
Pirapemas,MA,2020,0.985
Pirapemas,MA,2021,1.876
Pirapemas,MA,2022,2.015
Pirapemas,MA,2023,1.15
Pirapemas,MA,2024,1.238
Piraquê,TO,2020,0.867
Piraquê,TO,2021,1.452
Piraquê,TO,2022,4.049
Piraquê,TO,2023,0.738
Piraquê,TO,2024,2.082
Pium,TO,2021,0.202
Pium,TO,2022,0.075
Pium,TO,2024,0.087
Piçarra,PA,2020,1.606
Piçarra,PA,2021,2.022
Piçarra,PA,2022,1.937
Piçarra,PA,2023,1.064
Piçarra,PA,2024,0.718
Placas,PA,2020,86.317
Placas,PA,2021,141.29
Placas,PA,2022,141.699
Placas,PA,2023,63.439
Placas,PA,2024,53.577
Plácido de Castro,AC,2020,8.275
Plácido de Castro,AC,2021,15.367
Plácido de Castro,AC,2022,5.983
Plácido de Castro,AC,2023,3.138
Plácido de Castro,AC,2024,2.036
Poconé,MT,2020,0.177
Poconé,MT,2024,0.119
Pontes e Lacerda,MT,2020,6.448
Pontes e Lacerda,MT,2021,5.963
Pontes e Lacerda,MT,2022,3.463
Pontes e Lacerda,MT,2023,2.528
Pontes e Lacerda,MT,2024,2.055
Portel,PA,2020,189.849
Portel,PA,2021,240.73
Portel,PA,2022,314.469
Portel,PA,2023,201.214
Portel,PA,2024,107.089
Porto Acre,AC,2020,19.459
Porto Acre,AC,2021,31.636
Porto Acre,AC,2022,22.709
Porto Acre,AC,2023,9.407
Porto Acre,AC,2024,7.746
Porto Alegre do Norte,MT,2020,12.361
Porto Alegre do Norte,MT,2021,16.266
Porto Alegre do Norte,MT,2022,1.351
Porto Alegre do Norte,MT,2023,9.657
Porto Alegre do Norte,MT,2024,1.314
Porto Esperidião,MT,2020,4.468
Porto Esperidião,MT,2021,0.938
Porto Esperidião,MT,2022,0.469
Porto Esperidião,MT,2023,0.327
Porto Esperidião,MT,2024,0.38
Porto Estrela,MT,2021,0.154
Porto Estrela,MT,2023,0.212
Porto Franco,MA,2020,0.284
Porto Franco,MA,2021,2.685
Porto Franco,MA,2022,2.777
Porto Franco,MA,2023,1.48
Porto Franco,MA,2024,0.978
Porto Grande,AP,2020,0.592
Porto Grande,AP,2021,2.244
Porto Grande,AP,2022,0.612
Porto Grande,AP,2023,1.186
Porto Grande,AP,2024,0.379
Porto Velho,RO,2020,445.283
Porto Velho,RO,2021,619.618
Porto Velho,RO,2022,555.847
Porto Velho,RO,2023,263.831
Porto Velho,RO,2024,127.457
Porto Walter,AC,2020,23.477
Porto Walter,AC,2021,5.22
Porto Walter,AC,2022,7.077
Porto Walter,AC,2023,10.565
Porto Walter,AC,2024,6.616
Porto de Moz,PA,2020,31.797
Porto de Moz,PA,2021,51.354
Porto de Moz,PA,2022,41.395
Porto de Moz,PA,2023,22.341
Porto de Moz,PA,2024,16.208
Porto dos Gaúchos,MT,2020,51.596
Porto dos Gaúchos,MT,2021,17.225
Porto dos Gaúchos,MT,2022,29.187
Porto dos Gaúchos,MT,2023,92.862
Porto dos Gaúchos,MT,2024,32.926
Poxoréu,MT,2020,0.12
Poxoréu,MT,2021,0.078
Poxoréu,MT,2024,0.07
Pracuúba,AP,2020,0.791
Pracuúba,AP,2021,0.217
Pracuúba,AP,2023,0.539
Pracuúba,AP,2024,0.162
Praia Norte,TO,2020,0.469
Praia Norte,TO,2021,1.448
Praia Norte,TO,2022,1.163
Praia Norte,TO,2023,0.615
Prainha,PA,2020,54.733
Prainha,PA,2021,66.839
Prainha,PA,2022,80.749
Prainha,PA,2023,56.542
Prainha,PA,2024,67.961
Presidente Dutra,MA,2020,1.228
Presidente Dutra,MA,2021,2.349
Presidente Dutra,MA,2022,0.911
Presidente Dutra,MA,2023,0.347
Presidente Dutra,MA,2024,1.249
Presidente Figueiredo,AM,2020,9.372
Presidente Figueiredo,AM,2021,14.954
Presidente Figueiredo,AM,2022,15.089
Presidente Figueiredo,AM,2023,2.306
Presidente Figueiredo,AM,2024,7.172
Presidente Juscelino,MA,2020,0.278
Presidente Juscelino,MA,2021,0.622
Presidente Juscelino,MA,2023,1.115
Presidente Juscelino,MA,2024,0.764
Presidente Médici,RO,2020,0.744
Presidente Médici,RO,2021,1.091
Presidente Médici,RO,2022,0.528
Presidente Médici,RO,2023,0.996
Presidente Médici,RO,2024,0.19
Presidente Sarney,MA,2020,4.969
Presidente Sarney,MA,2021,1.57
Presidente Sarney,MA,2023,0.894
Presidente Sarney,MA,2024,1.088
Presidente Vargas,MA,2020,0.154
Presidente Vargas,MA,2021,0.348
Presidente Vargas,MA,2023,0.329
Presidente Vargas,MA,2024,0.095
Primavera,PA,2020,0.449
Primavera,PA,2021,0.064
Primavera,PA,2022,0.251
Primavera,PA,2023,0.07
Primavera,PA,2024,0.578
Primavera de Rondônia,RO,2020,0.297
Primavera de Rondônia,RO,2021,1.437
Primavera de Rondônia,RO,2022,0.264
Primavera de Rondônia,RO,2023,0.22
Primavera de Rondônia,RO,2024,0.065
Quatipuru,PA,2020,0.078
Quatipuru,PA,2021,0.071
Quatipuru,PA,2023,0.172
Quatipuru,PA,2024,0.145
Querência,MT,2020,22.382
Querência,MT,2021,25.361
Querência,MT,2022,46.866
Querência,MT,2023,46.145
Querência,MT,2024,12.137
Raposa,MA,2020,0.12
Recursolândia,TO,2020,0.788
Recursolândia,TO,2021,0.131
Recursolândia,TO,2022,0.406
Recursolândia,TO,2023,0.635
Recursolândia,TO,2024,0.23
Redenção,PA,2020,0.221
Redenção,PA,2021,0.402
Redenção,PA,2022,0.106
Redenção,PA,2023,0.298
Redenção,PA,2024,0.066
Reserva do Cabaçal,MT,2020,0.427
Reserva do Cabaçal,MT,2021,1.015
Reserva do Cabaçal,MT,2022,1.235
Reserva do Cabaçal,MT,2023,1.274
Riachinho,TO,2020,0.913
Riachinho,TO,2022,0.337
Riachinho,TO,2023,0.152
Ribamar Fiquene,MA,2020,0.235
Ribamar Fiquene,MA,2021,0.352
Ribamar Fiquene,MA,2022,1.441
Ribamar Fiquene,MA,2023,0.284
Ribamar Fiquene,MA,2024,0.164
Ribeirão Cascalheira,MT,2020,2.152
Ribeirão Cascalheira,MT,2021,2.491
Ribeirão Cascalheira,MT,2022,15.615
Ribeirão Cascalheira,MT,2023,3.137
Ribeirão Cascalheira,MT,2024,0.342
Rio Branco,AC,2020,55.398
Rio Branco,AC,2021,97.383
Rio Branco,AC,2022,118.155
Rio Branco,AC,2023,69.644
Rio Branco,AC,2024,62.339
Rio Crespo,RO,2020,6.094
Rio Crespo,RO,2021,8.267
Rio Crespo,RO,2022,3.966
Rio Crespo,RO,2023,2.986
Rio Crespo,RO,2024,0.431
Rio Maria,PA,2020,11.721
Rio Maria,PA,2021,5.838
Rio Maria,PA,2022,8.121
Rio Maria,PA,2023,8.185
Rio Maria,PA,2024,3.442
Rio Preto da Eva,AM,2020,2.959
Rio Preto da Eva,AM,2021,4.194
Rio Preto da Eva,AM,2022,4.473
Rio Preto da Eva,AM,2023,1.572
Rio Preto da Eva,AM,2024,11.7
Rodrigues Alves,AC,2020,16.711
Rodrigues Alves,AC,2021,13.19
Rodrigues Alves,AC,2022,23.685
Rodrigues Alves,AC,2023,11.312
Rodrigues Alves,AC,2024,8.278
Rolim de Moura,RO,2020,0.946
Rolim de Moura,RO,2021,1.442
Rolim de Moura,RO,2022,1.874
Rolim de Moura,RO,2023,1.492
Rolim de Moura,RO,2024,1.055
Rondolândia,MT,2020,51.277
Rondolândia,MT,2021,66.132
Rondolândia,MT,2022,48.045
Rondolândia,MT,2023,26.043
Rondolândia,MT,2024,11.178
Rondon do Pará,PA,2020,36.915
Rondon do Pará,PA,2021,33.284
Rondon do Pará,PA,2022,46.791
Rondon do Pará,PA,2023,35.889
Rondon do Pará,PA,2024,42.418
Rondonópolis,MT,2020,0.128
Rondonópolis,MT,2021,0.066
Rondonópolis,MT,2023,0.079
Rondonópolis,MT,2024,0.097
Rorainópolis,RR,2020,79.98
Rorainópolis,RR,2021,54.919
Rorainópolis,RR,2022,78.888
Rorainópolis,RR,2023,69.169
Rorainópolis,RR,2024,55.223
Rosário,MA,2020,1.912
Rosário,MA,2021,0.633
Rosário,MA,2022,0.268
Rosário,MA,2023,0.95
Rosário,MA,2024,0.191
Rurópolis,PA,2020,98.305
Rurópolis,PA,2021,169.553
Rurópolis,PA,2022,118.477
Rurópolis,PA,2023,40.027
Rurópolis,PA,2024,25.308
Salinópolis,PA,2021,0.971
Salinópolis,PA,2022,0.343
Salinópolis,PA,2024,0.204
Salto do Céu,MT,2020,0.188
Salto do Céu,MT,2021,2.117
Salto do Céu,MT,2024,0.191
Salvaterra,PA,2020,0.081
Salvaterra,PA,2021,0.353
Salvaterra,PA,2023,0.195
Salvaterra,PA,2024,0.066
Sampaio,TO,2021,0.186
Sampaio,TO,2022,0.192
Sampaio,TO,2023,0.094
Sandolândia,TO,2021,0.458
Santa Bárbara do Pará,PA,2020,0.321
Santa Bárbara do Pará,PA,2021,0.075
Santa Bárbara do Pará,PA,2024,0.069
Santa Carmem,MT,2020,21.479
Santa Carmem,MT,2021,8.474
Santa Carmem,MT,2022,37.238
Santa Carmem,MT,2023,20.455
Santa Carmem,MT,2024,10.403
Santa Cruz do Xingu,MT,2020,11.89
Santa Cruz do Xingu,MT,2021,11.389
Santa Cruz do Xingu,MT,2022,13.687
Santa Cruz do Xingu,MT,2023,13.711
Santa Cruz do Xingu,MT,2024,2.188
Santa Filomena do Maranhão,MA,2020,0.653
Santa Filomena do Maranhão,MA,2021,0.469
Santa Filomena do Maranhão,MA,2022,0.149
Santa Filomena do Maranhão,MA,2023,0.721
Santa Filomena do Maranhão,MA,2024,0.235
Santa Fé do Araguaia,TO,2020,0.116
Santa Fé do Araguaia,TO,2021,0.131
Santa Fé do Araguaia,TO,2022,0.1
Santa Fé do Araguaia,TO,2023,0.234
Santa Fé do Araguaia,TO,2024,0.105
Santa Helena,MA,2020,12.101
Santa Helena,MA,2021,2.237
Santa Helena,MA,2022,0.086
Santa Helena,MA,2024,3.34
Santa Isabel do Rio Negro,AM,2020,1.015
Santa Isabel do Rio Negro,AM,2021,1.745
Santa Isabel do Rio Negro,AM,2022,0.119
Santa Isabel do Rio Negro,AM,2023,0.637
Santa Isabel do Rio Negro,AM,2024,1.735
Santa Izabel do Pará,PA,2020,0.351
Santa Izabel do Pará,PA,2021,0.517
Santa Izabel do Pará,PA,2022,0.226
Santa Izabel do Pará,PA,2024,0.449
Santa Luzia,MA,2020,6.148
Santa Luzia,MA,2021,3.776
Santa Luzia,MA,2022,2.435
Santa Luzia,MA,2023,7.14
Santa Luzia,MA,2024,2.629
Santa Luzia D'Oeste,RO,2020,0.82
Santa Luzia D'Oeste,RO,2021,1.036
Santa Luzia D'Oeste,RO,2022,0.194
Santa Luzia D'Oeste,RO,2023,0.064
Santa Luzia D'Oeste,RO,2024,0.53
Santa Luzia do Paruá,MA,2020,1.48
Santa Luzia do Paruá,MA,2024,0.212
Santa Luzia do Pará,PA,2020,0.612
Santa Luzia do Pará,PA,2023,1.018
Santa Maria das Barreiras,PA,2020,32.844
Santa Maria das Barreiras,PA,2021,12.416
Santa Maria das Barreiras,PA,2022,16.056
Santa Maria das Barreiras,PA,2023,13.929
Santa Maria das Barreiras,PA,2024,15.186
Santa Maria do Pará,PA,2020,0.1
Santa Maria do Pará,PA,2023,0.232
Santa Maria do Pará,PA,2024,0.149
Santa Rita,MA,2020,4.202
Santa Rita,MA,2021,1.931
Santa Rita,MA,2022,2.059
Santa Rita,MA,2023,4.904
Santa Rita,MA,2024,1.971
Santa Rita do Tocantins,TO,2024,0.073
Santa Rita do Trivelato,MT,2021,8.404
Santa Rita do Trivelato,MT,2024,1.756
Santa Rosa do Purus,AC,2020,5.162
Santa Rosa do Purus,AC,2021,4.102
Santa Rosa do Purus,AC,2022,3.556
Santa Rosa do Purus,AC,2023,1.905
Santa Rosa do Purus,AC,2024,1.313
Santa Terezinha,MT,2020,17.98
Santa Terezinha,MT,2021,22.845
Santa Terezinha,MT,2022,23.292
Santa Terezinha,MT,2023,9.651
Santa Terezinha,MT,2024,24.177
Santa Terezinha do Tocantins,TO,2020,0.676
Santa Terezinha do Tocantins,TO,2021,1.111
Santa Terezinha do Tocantins,TO,2022,0.879
Santa Terezinha do Tocantins,TO,2023,0.268
Santana,AP,2020,0.348
Santana,AP,2021,0.13
Santana,AP,2023,0.078
Santana,AP,2024,0.225
Santana do Araguaia,PA,2020,51.373
Santana do Araguaia,PA,2021,26.243
Santana do Araguaia,PA,2022,17.163
Santana do Araguaia,PA,2023,7.794
Santana do Araguaia,PA,2024,9.682
Santarém,PA,2020,15.596
Santarém,PA,2021,17.568
Santarém,PA,2022,56.074
Santarém,PA,2023,51.78
Santarém,PA,2024,57.095
Santarém Novo,PA,2020,0.066
Santarém Novo,PA,2021,0.088
Santarém Novo,PA,2022,0.167
Santarém Novo,PA,2023,0.077
Santarém Novo,PA,2024,0.259
Santo Afonso,MT,2020,1.662
Santo Afonso,MT,2021,3.317
Santo Afonso,MT,2022,0.201
Santo Afonso,MT,2023,0.694
Santo Afonso,MT,2024,0.252
Santo Antônio de Leverger,MT,2020,2.525
Santo Antônio de Leverger,MT,2021,1.357
Santo Antônio de Leverger,MT,2022,0.252
Santo Antônio de Leverger,MT,2023,0.135
Santo Antônio de Leverger,MT,2024,0.722
Santo Antônio do Içá,AM,2020,3.02
Santo Antônio do Içá,AM,2021,1.813
Santo Antônio do Içá,AM,2022,2.035
Santo Antônio do Içá,AM,2023,1.692
Santo Antônio do Içá,AM,2024,2.472
Santo Antônio do Tauá,PA,2020,0.387
Santo Antônio do Tauá,PA,2021,0.471
Santo Antônio do Tauá,PA,2023,0.121
Santo Antônio do Tauá,PA,2024,0.221
Santo Antônio dos Lopes,MA,2020,0.136
Santo Antônio dos Lopes,MA,2021,1.354
Santo Antônio dos Lopes,MA,2022,2.644
Santo Antônio dos Lopes,MA,2023,1.466
Santo Antônio dos Lopes,MA,2024,0.432
Sapezal,MT,2020,1.997
Sapezal,MT,2021,3.225
Sapezal,MT,2022,0.071
Sapezal,MT,2023,0.232
Sapucaia,PA,2020,4.095
Sapucaia,PA,2021,1.596
Sapucaia,PA,2022,2.066
Sapucaia,PA,2023,0.442
Sapucaia,PA,2024,0.447
Sena Madureira,AC,2020,73.281
Sena Madureira,AC,2021,111.517
Sena Madureira,AC,2022,105.815
Sena Madureira,AC,2023,53.193
Sena Madureira,AC,2024,44.061
Senador Alexandre Costa,MA,2020,2.367
Senador Alexandre Costa,MA,2021,2.781
Senador Alexandre Costa,MA,2022,1.398
Senador Alexandre Costa,MA,2023,1.303
Senador Alexandre Costa,MA,2024,2.953
Senador Guiomard,AC,2020,9.857
Senador Guiomard,AC,2021,20.211
Senador Guiomard,AC,2022,16.907
Senador Guiomard,AC,2023,6.226
Senador Guiomard,AC,2024,7.17
Senador José Porfírio,PA,2020,147.28
Senador José Porfírio,PA,2021,112.543
Senador José Porfírio,PA,2022,122.245
Senador José Porfírio,PA,2023,72.775
Senador José Porfírio,PA,2024,46.515
Senador La Rocque,MA,2020,0.522
Senador La Rocque,MA,2021,0.38
Senador La Rocque,MA,2022,0.832
Senador La Rocque,MA,2023,1.218
Senador La Rocque,MA,2024,0.082
Seringueiras,RO,2020,33.83
Seringueiras,RO,2021,31.714
Seringueiras,RO,2022,16.867
Seringueiras,RO,2023,7.378
Seringueiras,RO,2024,2.977
Serra Nova Dourada,MT,2020,2.202
Serra Nova Dourada,MT,2021,3.021
Serra Nova Dourada,MT,2022,4.061
Serra Nova Dourada,MT,2023,1.274
Serra Nova Dourada,MT,2024,1.379
Serra do Navio,AP,2020,0.08
Serra do Navio,AP,2021,0.346
Serra do Navio,AP,2022,0.173
Serra do Navio,AP,2023,0.194
Serra do Navio,AP,2024,0.149
Silves,AM,2020,1.568
Silves,AM,2021,1.496
Silves,AM,2022,0.999
Silves,AM,2023,0.785
Silves,AM,2024,1.673
Sinop,MT,2020,10.002
Sinop,MT,2021,6.494
Sinop,MT,2022,4.814
Sinop,MT,2023,4.671
Sinop,MT,2024,3.408
Sorriso,MT,2020,0.333
Sorriso,MT,2021,0.877
Sorriso,MT,2023,0.918
Sorriso,MT,2024,1.581
São Bento,MA,2020,0.095
São Bento do Tocantins,TO,2021,0.25
São Bento do Tocantins,TO,2022,0.266
São Bento do Tocantins,TO,2024,0.463
São Caetano de Odivelas,PA,2020,0.9
São Caetano de Odivelas,PA,2021,0.378
São Caetano de Odivelas,PA,2022,0.176
São Caetano de Odivelas,PA,2023,0.772
São Caetano de Odivelas,PA,2024,1.273
São Domingos do Araguaia,PA,2020,1.411
São Domingos do Araguaia,PA,2021,1.511
São Domingos do Araguaia,PA,2022,1.418
São Domingos do Araguaia,PA,2023,1.412
São Domingos do Araguaia,PA,2024,0.631
São Domingos do Capim,PA,2020,2.137
São Domingos do Capim,PA,2021,1.348
São Domingos do Capim,PA,2022,0.827
São Domingos do Capim,PA,2023,1.799
São Domingos do Capim,PA,2024,1.232
São Domingos do Maranhão,MA,2020,5.627
São Domingos do Maranhão,MA,2021,7.534
São Domingos do Maranhão,MA,2022,11.598
São Domingos do Maranhão,MA,2023,7.551
São Domingos do Maranhão,MA,2024,6.894
São Felipe D'Oeste,RO,2021,0.333
São Felipe D'Oeste,RO,2022,0.232
São Felipe D'Oeste,RO,2023,0.077
São Felipe D'Oeste,RO,2024,0.19
São Francisco do Brejão,MA,2020,0.696
São Francisco do Brejão,MA,2021,0.544
São Francisco do Brejão,MA,2022,0.303
São Francisco do Brejão,MA,2023,0.192
São Francisco do Brejão,MA,2024,0.168
São Francisco do Guaporé,RO,2020,21.891
São Francisco do Guaporé,RO,2021,32.107
São Francisco do Guaporé,RO,2022,20.442
São Francisco do Guaporé,RO,2023,11.68
São Francisco do Guaporé,RO,2024,7.182
São Francisco do Pará,PA,2020,0.209
São Francisco do Pará,PA,2021,0.236
São Francisco do Pará,PA,2022,0.223
São Francisco do Pará,PA,2023,0.124
São Francisco do Pará,PA,2024,0.245
São Félix do Araguaia,MT,2020,17.284
São Félix do Araguaia,MT,2021,21.917
São Félix do Araguaia,MT,2022,34.133
São Félix do Araguaia,MT,2023,37.32
São Félix do Araguaia,MT,2024,15.335
São Félix do Xingu,PA,2020,609.849
São Félix do Xingu,PA,2021,573.089
São Félix do Xingu,PA,2022,528.225
São Félix do Xingu,PA,2023,313.478
São Félix do Xingu,PA,2024,100.302
São Gabriel da Cachoeira,AM,2020,6.404
São Gabriel da Cachoeira,AM,2021,5.592
São Gabriel da Cachoeira,AM,2022,2.382
São Gabriel da Cachoeira,AM,2023,2.994
São Gabriel da Cachoeira,AM,2024,1.379
São Geraldo do Araguaia,PA,2020,1.261
São Geraldo do Araguaia,PA,2021,1.365
São Geraldo do Araguaia,PA,2022,0.552
São Geraldo do Araguaia,PA,2023,0.355
São Geraldo do Araguaia,PA,2024,0.203
São José de Ribamar,MA,2020,0.572
São José de Ribamar,MA,2021,0.202
São José de Ribamar,MA,2022,0.088
São José de Ribamar,MA,2023,0.677
São José de Ribamar,MA,2024,0.188
São José do Rio Claro,MT,2020,3.222
São José do Rio Claro,MT,2021,23.865
São José do Rio Claro,MT,2022,17.394
São José do Rio Claro,MT,2023,8.489
São José do Rio Claro,MT,2024,30.4
São José do Xingu,MT,2020,1.196
São José do Xingu,MT,2021,1.606
São José do Xingu,MT,2022,6.025
São José do Xingu,MT,2023,4.595
São José do Xingu,MT,2024,9.257
São José dos Basílios,MA,2020,0.071
São José dos Basílios,MA,2021,0.459
São José dos Basílios,MA,2022,0.337
São José dos Basílios,MA,2023,0.491
São José dos Basílios,MA,2024,0.703
São José dos Quatro Marcos,MT,2020,0.303
São José dos Quatro Marcos,MT,2021,0.165
São João da Baliza,RR,2020,8.432
São João da Baliza,RR,2021,21.322
São João da Baliza,RR,2022,17.173
São João da Baliza,RR,2023,8.625
São João da Baliza,RR,2024,8.336
São João da Ponta,PA,2020,0.652
São João da Ponta,PA,2021,0.396
São João da Ponta,PA,2022,0.401
São João da Ponta,PA,2023,0.308
São João da Ponta,PA,2024,0.555
São João de Pirabas,PA,2020,0.566
São João de Pirabas,PA,2021,1.839
São João de Pirabas,PA,2022,0.957
São João de Pirabas,PA,2023,0.788
São João de Pirabas,PA,2024,1.288
São João do Araguaia,PA,2020,4.772
São João do Araguaia,PA,2021,5.375
São João do Araguaia,PA,2022,4.806
São João do Araguaia,PA,2023,3.274
São João do Araguaia,PA,2024,3.097
São João do Carú,MA,2020,0.892
São João do Carú,MA,2022,0.109
São João do Carú,MA,2023,0.124
São João do Carú,MA,2024,0.084
São João do Paraíso,MA,2020,0.601
São João do Paraíso,MA,2021,0.538
São João do Paraíso,MA,2022,1.295
São João do Paraíso,MA,2023,0.459
São Luiz,RR,2020,5.943
São Luiz,RR,2021,7.054
São Luiz,RR,2022,8.447
São Luiz,RR,2023,10.708
São Luiz,RR,2024,7.002
São Luís,MA,2020,1.245
São Luís,MA,2021,1.397
São Luís,MA,2022,0.641
São Luís,MA,2023,1.531
São Luís,MA,2024,0.296
São Luís Gonzaga do Maranhão,MA,2020,0.071
São Luís Gonzaga do Maranhão,MA,2021,0.065
São Luís Gonzaga do Maranhão,MA,2022,0.17
São Luís Gonzaga do Maranhão,MA,2024,0.119
São Mateus do Maranhão,MA,2020,0.143
São Miguel do Guamá,PA,2020,0.657
São Miguel do Guamá,PA,2021,0.751
São Miguel do Guamá,PA,2022,0.393
São Miguel do Guamá,PA,2023,0.1
São Miguel do Guamá,PA,2024,0.959
São Miguel do Guaporé,RO,2020,20.545
São Miguel do Guaporé,RO,2021,12.422
São Miguel do Guaporé,RO,2022,10.23
São Miguel do Guaporé,RO,2023,6.445
São Miguel do Guaporé,RO,2024,3.542
São Miguel do Tocantins,TO,2020,0.485
São Miguel do Tocantins,TO,2021,1.266
São Miguel do Tocantins,TO,2022,0.816
São Miguel do Tocantins,TO,2023,0.467
São Miguel do Tocantins,TO,2024,0.347
São Paulo de Olivença,AM,2020,3.482
São Paulo de Olivença,AM,2021,1.44
São Paulo de Olivença,AM,2022,0.813
São Paulo de Olivença,AM,2023,1.718
São Paulo de Olivença,AM,2024,1.806
São Pedro da Água Branca,MA,2020,1.051
São Pedro da Água Branca,MA,2021,0.993
São Pedro da Água Branca,MA,2022,0.295
São Pedro da Água Branca,MA,2023,1.958
São Pedro da Água Branca,MA,2024,0.542
São Raimundo do Doca Bezerra,MA,2023,0.149
São Raimundo do Doca Bezerra,MA,2024,0.097
São Sebastião da Boa Vista,PA,2020,0.413
São Sebastião da Boa Vista,PA,2021,0.273
São Sebastião da Boa Vista,PA,2024,0.076
São Sebastião do Tocantins,TO,2022,0.114
São Sebastião do Uatumã,AM,2020,1.32
São Sebastião do Uatumã,AM,2021,1.596
São Sebastião do Uatumã,AM,2022,4.887
São Sebastião do Uatumã,AM,2023,2.164
São Sebastião do Uatumã,AM,2024,2.441
Sítio Novo,MA,2021,0.093
Sítio Novo,MA,2023,0.16
Sítio Novo do Tocantins,TO,2020,0.2
Sítio Novo do Tocantins,TO,2021,0.184
Sítio Novo do Tocantins,TO,2022,0.263
Sítio Novo do Tocantins,TO,2023,0.414
Tabaporã,MT,2020,7.204
Tabaporã,MT,2021,23.114
Tabaporã,MT,2022,30.631
Tabaporã,MT,2023,35.645
Tabaporã,MT,2024,7.637
Tabatinga,AM,2020,0.639
Tabatinga,AM,2021,3.699
Tabatinga,AM,2022,1.341
Tabatinga,AM,2023,1.416
Tabatinga,AM,2024,4.061
Tailândia,PA,2020,38.071
Tailândia,PA,2021,38.45
Tailândia,PA,2022,24.678
Tailândia,PA,2023,35.342
Tailândia,PA,2024,69.56
Tangará da Serra,MT,2020,0.84
Tangará da Serra,MT,2021,1.111
Tangará da Serra,MT,2022,0.082
Tangará da Serra,MT,2023,2.658
Tangará da Serra,MT,2024,0.115
Tapauá,AM,2020,16.794
Tapauá,AM,2021,51.553
Tapauá,AM,2022,66.894
Tapauá,AM,2023,32.931
Tapauá,AM,2024,12.013
Tapurah,MT,2020,5.312
Tapurah,MT,2021,2.914
Tapurah,MT,2022,4.632
Tapurah,MT,2023,10.2
Tapurah,MT,2024,9.944
Tarauacá,AC,2020,51.12
Tarauacá,AC,2021,103.945
Tarauacá,AC,2022,112.265
Tarauacá,AC,2023,47.997
Tarauacá,AC,2024,44.89
Tartarugalzinho,AP,2020,1.23
Tartarugalzinho,AP,2021,0.876
Tartarugalzinho,AP,2022,0.165
Tartarugalzinho,AP,2023,1.62
Tartarugalzinho,AP,2024,0.417
Tefé,AM,2020,10.47
Tefé,AM,2021,12.786
Tefé,AM,2022,2.231
Tefé,AM,2023,12.39
Tefé,AM,2024,14.874
Teixeirópolis,RO,2020,0.389
Teixeirópolis,RO,2021,0.341
Terra Alta,PA,2020,0.21
Terra Alta,PA,2021,0.131
Terra Alta,PA,2022,0.1
Terra Alta,PA,2023,0.265
Terra Alta,PA,2024,0.337
Terra Nova do Norte,MT,2020,1.743
Terra Nova do Norte,MT,2021,2.826
Terra Nova do Norte,MT,2022,2.022
Terra Nova do Norte,MT,2023,0.344
Terra Nova do Norte,MT,2024,2.383
Terra Santa,PA,2020,3.602
Terra Santa,PA,2021,3.756
Terra Santa,PA,2022,5.368
Terra Santa,PA,2023,5.621
Terra Santa,PA,2024,4.828
Theobroma,RO,2020,4.678
Theobroma,RO,2021,4.489
Theobroma,RO,2022,5.523
Theobroma,RO,2023,3.913
Theobroma,RO,2024,2.9
Timbiras,MA,2020,0.063
Timbiras,MA,2021,0.217
Timbiras,MA,2022,0.345
Timbiras,MA,2023,0.351
Timbiras,MA,2024,1.436
Tocantinópolis,TO,2020,0.411
Tocantinópolis,TO,2021,0.1
Tocantinópolis,TO,2022,0.255
Tocantinópolis,TO,2023,0.78
Tocantinópolis,TO,2024,0.181
Tomé-Açu,PA,2020,15.656
Tomé-Açu,PA,2021,22.745
Tomé-Açu,PA,2022,22.5
Tomé-Açu,PA,2023,14.97
Tomé-Açu,PA,2024,25.423
Tonantins,AM,2020,1.13
Tonantins,AM,2021,0.52
Tonantins,AM,2022,0.079
Tonantins,AM,2023,3.43
Tonantins,AM,2024,22.249
Tracuateua,PA,2020,0.077
Tracuateua,PA,2021,0.284
Tracuateua,PA,2023,1.001
Tracuateua,PA,2024,0.093
Trairão,PA,2020,82.356
Trairão,PA,2021,120.511
Trairão,PA,2022,113.754
Trairão,PA,2023,27.002
Trairão,PA,2024,44.281
Tucumã,PA,2020,2.643
Tucumã,PA,2021,0.916
Tucumã,PA,2022,1.15
Tucumã,PA,2023,3.938
Tucumã,PA,2024,0.49
Tucuruí,PA,2020,8.547
Tucuruí,PA,2021,14.438
Tucuruí,PA,2022,7.389
Tucuruí,PA,2023,10.854
Tucuruí,PA,2024,8.558
Tuntum,MA,2020,3.849
Tuntum,MA,2021,10.192
Tuntum,MA,2022,7.031
Tuntum,MA,2023,13.322
Tuntum,MA,2024,9.405
Tupiratins,TO,2023,0.498
Tupiratins,TO,2024,1.135
Turiaçu,MA,2020,1.097
Turiaçu,MA,2021,0.667
Turiaçu,MA,2023,1.468
Turiaçu,MA,2024,5.295
Turilândia,MA,2020,11.436
Turilândia,MA,2021,2.673
Turilândia,MA,2022,0.313
Turilândia,MA,2024,5.337
Uarini,AM,2020,3.473
Uarini,AM,2021,5.98
Uarini,AM,2022,1.28
Uarini,AM,2023,4.243
Uarini,AM,2024,6.351
Uiramutã,RR,2020,0.99
Uiramutã,RR,2021,0.534
Uiramutã,RR,2022,0.485
Uiramutã,RR,2024,0.698
Ulianópolis,PA,2020,57.045
Ulianópolis,PA,2021,74.793
Ulianópolis,PA,2022,17.224
Ulianópolis,PA,2023,22.273
Ulianópolis,PA,2024,22.959
União do Sul,MT,2020,133.778
União do Sul,MT,2021,67.295
União do Sul,MT,2022,56.99
União do Sul,MT,2023,92.862
União do Sul,MT,2024,43.047
Uruará,PA,2020,133.282
Uruará,PA,2021,139.835
Uruará,PA,2022,196.146
Uruará,PA,2023,103.342
Uruará,PA,2024,96.529
Urucará,AM,2020,0.469
Urucará,AM,2021,0.931
Urucará,AM,2022,1.363
Urucará,AM,2023,0.838
Urucará,AM,2024,3.803
Urucurituba,AM,2020,0.066
Urucurituba,AM,2021,0.838
Urucurituba,AM,2022,1.458
Urucurituba,AM,2024,0.063
Urupá,RO,2020,1.054
Urupá,RO,2021,0.822
Urupá,RO,2022,0.138
Urupá,RO,2023,0.454
Urupá,RO,2024,0.116
Vale de São Domingos,MT,2020,0.555
Vale de São Domingos,MT,2021,4.149
Vale de São Domingos,MT,2022,3.813
Vale de São Domingos,MT,2023,4.967
Vale de São Domingos,MT,2024,0.36
Vale do Anari,RO,2020,7.201
Vale do Anari,RO,2021,9.194
Vale do Anari,RO,2022,4.369
Vale do Anari,RO,2023,4.175
Vale do Anari,RO,2024,1.41
Vale do Paraíso,RO,2020,2.09
Vale do Paraíso,RO,2021,2.287
Vale do Paraíso,RO,2022,1.191
Vale do Paraíso,RO,2023,0.303
Vale do Paraíso,RO,2024,0.284
Vargem Grande,MA,2020,0.863
Vargem Grande,MA,2021,0.38
Vargem Grande,MA,2022,0.38
Vargem Grande,MA,2023,1.815
Vargem Grande,MA,2024,1.909
Vera,MT,2020,1.961
Vera,MT,2021,12.807
Vera,MT,2022,2.866
Vera,MT,2023,1.603
Vera,MT,2024,1.035
Viana,MA,2020,0.146
Viana,MA,2021,0.623
Viana,MA,2023,0.227
Viana,MA,2024,0.883
Vigia,PA,2020,0.544
Vigia,PA,2021,0.334
Vigia,PA,2022,0.378
Vigia,PA,2024,0.228
Vila Bela da Santíssima Trindade,MT,2020,11.171
Vila Bela da Santíssima Trindade,MT,2021,5.582
Vila Bela da Santíssima Trindade,MT,2022,4.62
Vila Bela da Santíssima Trindade,MT,2023,13.613
Vila Bela da Santíssima Trindade,MT,2024,19.247
Vila Nova dos Martírios,MA,2020,0.488
Vila Nova dos Martírios,MA,2021,0.585
Vila Nova dos Martírios,MA,2022,3.507
Vila Nova dos Martírios,MA,2023,0.745
Vila Nova dos Martírios,MA,2024,0.192
Vila Rica,MT,2020,4.563
Vila Rica,MT,2021,22.006
Vila Rica,MT,2022,8.634
Vila Rica,MT,2023,12.911
Vila Rica,MT,2024,4.081
Vilhena,RO,2020,19.1
Vilhena,RO,2021,25.064
Vilhena,RO,2022,10.743
Vilhena,RO,2023,8.201
Vilhena,RO,2024,4.831
Viseu,PA,2020,9.058
Viseu,PA,2021,4.137
Viseu,PA,2022,1.785
Viseu,PA,2023,7.039
Viseu,PA,2024,1.608
Vitória do Jari,AP,2020,1.128
Vitória do Jari,AP,2021,2.72
Vitória do Jari,AP,2022,0.562
Vitória do Jari,AP,2023,0.296
Vitória do Jari,AP,2024,3.565
Vitória do Mearim,MA,2020,1.458
Vitória do Mearim,MA,2021,1.007
Vitória do Mearim,MA,2022,1.044
Vitória do Mearim,MA,2023,0.088
Vitória do Mearim,MA,2024,0.577
Vitória do Xingu,PA,2020,8.436
Vitória do Xingu,PA,2021,4.208
Vitória do Xingu,PA,2022,3.169
Vitória do Xingu,PA,2023,2.279
Vitória do Xingu,PA,2024,1.03
Wanderlândia,TO,2020,0.848
Wanderlândia,TO,2021,2.144
Wanderlândia,TO,2022,0.59
Wanderlândia,TO,2023,0.717
Wanderlândia,TO,2024,0.926
Xambioá,TO,2020,0.582
Xambioá,TO,2021,1.062
Xambioá,TO,2022,1.548
Xambioá,TO,2023,0.66
Xambioá,TO,2024,0.228
Xapuri,AC,2020,39.474
Xapuri,AC,2021,58.237
Xapuri,AC,2022,76.755
Xapuri,AC,2023,25.675
Xapuri,AC,2024,22.637
Xinguara,PA,2020,1.487
Xinguara,PA,2021,0.818
Xinguara,PA,2022,2.179
Xinguara,PA,2023,1.017
Xinguara,PA,2024,0.294
Zé Doca,MA,2020,1.027
Zé Doca,MA,2021,0.365
Zé Doca,MA,2022,1.623
Zé Doca,MA,2023,0.479
Zé Doca,MA,2024,1.005
Água Azul do Norte,PA,2020,8.132
Água Azul do Norte,PA,2021,5.377
Água Azul do Norte,PA,2022,4.5
Água Azul do Norte,PA,2023,3.913
Água Azul do Norte,PA,2024,3.691
Água Boa,MT,2020,0.209
Água Boa,MT,2021,0.147
Água Boa,MT,2023,0.368
Óbidos,PA,2020,42.432
Óbidos,PA,2021,29.642
Óbidos,PA,2022,31.723
Óbidos,PA,2023,23.646
Óbidos,PA,2024,22.11
